id,first_name,last_name,gender,username,email,university,language
1,Paolina,Hackey,Female,phackey0,phackey0@shop-pro.jp,Baltimore Hebrew University,Filipino
2,Crawford,Gilardone,Male,cgilardone1,cgilardone1@shareasale.com,National Metallurgical Academy of Ukraine,Latvian
3,Aron,Carrier,Male,acarrier2,acarrier2@dailymotion.com,International University for Science & Technology ,Malayalam
4,Frieda,Walkinshaw,Female,fwalkinshaw3,fwalkinshaw3@netlog.com,Nakhchivan Private University,Latvian
5,Marnia,Cleary,Non-binary,mcleary4,mcleary4@forbes.com,MGH Institute of Health Professions,Mongolian
6,Brendon,Beverley,Bigender,bbeverley5,bbeverley5@smh.com.au,Salem College,Bosnian
7,Gianina,Whybrow,Female,gwhybrow6,gwhybrow6@google.ru,Saratov State Medical University,Telugu
8,Leanora,Selwood,Female,lselwood7,lselwood7@google.co.jp,William Carey College,Dari
9,Myles,Cadreman,Male,mcadreman8,mcadreman8@nature.com,Sampurnanand Sanskrit University,Georgian
10,Trace,Saul,Male,tsaul9,tsaul9@phpbb.com,Université Paul Valéry (Montpellier III),Tetum
11,Modestine,Castelijn,Female,mcastelijna,mcastelijna@ocn.ne.jp,University of Northern British Columbia,Arabic
12,Emeline,Edleston,Female,eedlestonb,eedlestonb@redcross.org,Royal Military Academy,Sotho
13,Conney,O'Heffernan,Male,coheffernanc,coheffernanc@domainmarket.com,Soonchunhyang University,Macedonian
14,Brewer,Zorzetti,Male,bzorzettid,bzorzettid@vistaprint.com,Ecole Supérieure de Commerce de Toulouse,Khmer
15,Augusto,Bennis,Male,abennise,abennise@netlog.com,Eurasia International University,Macedonian
16,Cymbre,Wesley,Female,cwesleyf,cwesleyf@google.nl,Michigan Technological University,Icelandic
17,Welsh,Shelliday,Male,wshellidayg,wshellidayg@comsenz.com,Fundación Universitaria del Area Andina. Sede Pereira,Tok Pisin
18,Demetre,Bletcher,Male,dbletcherh,dbletcherh@cargocollective.com,University of Basrah,Hiri Motu
19,Giorgia,Jerzycowski,Female,gjerzycowskii,gjerzycowskii@bbb.org,Université de Kamina,Guaraní
20,Scarlett,Loch,Female,slochj,slochj@home.pl,Cyprus University of Technology,Kannada
21,Mischa,Kik,Male,mkikk,mkikk@chron.com,Intercollege,Sotho
22,Jamaal,Karel,Male,jkarell,jkarell@smh.com.au,Slobomir P Univerzitet,Khmer
23,Gigi,Moisey,Female,gmoiseym,gmoiseym@cam.ac.uk,Universidad del Mar,Swahili
24,Wolfie,Cromar,Male,wcromarn,wcromarn@chronoengine.com,Tampere Polytechnic,Indonesian
25,Gasparo,Wasteney,Male,gwasteneyo,gwasteneyo@weibo.com,Cyprus University of Technology,West Frisian
26,Brigid,Derye-Barrett,Female,bderyebarrettp,bderyebarrettp@weibo.com,Bingham University,German
27,Brianna,Rulton,Female,brultonq,brultonq@utexas.edu,Fushun Petroleum University,Maltese
28,Griffy,Di Ruggero,Male,gdiruggeror,gdiruggeror@walmart.com,Fukushima Medical College,Quechua
29,Verla,Boutell,Female,vboutells,vboutells@seattletimes.com,Fachhochschule München,Quechua
30,Kally,Waplington,Female,kwaplingtont,kwaplingtont@blogspot.com,Universidad de León,Tetum
31,Dwain,McOmish,Male,dmcomishu,dmcomishu@over-blog.com,University of Venice,Polish
32,Alane,Keynd,Female,akeyndv,akeyndv@google.pl,University of Arkansas at Monticello,English
33,Enrichetta,Heyball,Female,eheyballw,eheyballw@bigcartel.com,Andong National University,Estonian
34,Cosmo,Weightman,Male,cweightmanx,cweightmanx@state.tx.us,Southeastern University,Kazakh
35,Sheri,Render,Female,srendery,srendery@nba.com,Trevecca Nazarene University,Aymara
36,Jacki,Parzizek,Female,jparzizekz,jparzizekz@nsw.gov.au,Universitas Simalungun,Polish
37,Bonita,Forward,Female,bforward10,bforward10@mapquest.com,Fachhochschule Augsburg,Kannada
38,Englebert,Cope,Male,ecope11,ecope11@ucla.edu,Hamamatsu University,Yiddish
39,Elna,Grass,Female,egrass12,egrass12@phpbb.com,Tokai University Educational System,Greek
40,Erek,Aucott,Male,eaucott13,eaucott13@nsw.gov.au,International Institute for Population Sciences,Guaraní
41,Travers,Klimt,Male,tklimt14,tklimt14@indiegogo.com,Kyorin University,Haitian Creole
42,Clarabelle,Trolley,Female,ctrolley15,ctrolley15@vkontakte.ru,Ohio Northern University,Amharic
43,Verna,Middleton,Female,vmiddleton16,vmiddleton16@angelfire.com,Logistics Engineering University of PLA,Quechua
44,Daryle,Braithwaite,Male,dbraithwaite17,dbraithwaite17@blog.com,Fukui Medical School,Swati
45,Lacey,More,Female,lmore18,lmore18@un.org,Moscow State University of Technology (Stankin),Assamese
46,Evelyn,Harbron,Male,eharbron19,eharbron19@nifty.com,University of Nairobi,Croatian
47,Patton,Rudsdell,Male,prudsdell1a,prudsdell1a@gov.uk,Harbin Institute of Technology,Fijian
48,Rolland,Swanwick,Male,rswanwick1b,rswanwick1b@clickbank.net,Universidad Tecnológica Metropolitana,Gujarati
49,Paulo,Coite,Male,pcoite1c,pcoite1c@youtu.be,Moraine Valley Community College,Montenegrin
50,Darryl,Ledford,Female,dledford1d,dledford1d@disqus.com,Mount Vernon Nazarene College,Zulu
51,Amalle,Soppeth,Female,asoppeth1e,asoppeth1e@cisco.com,Arcadia University,Catalan
52,Leonerd,Sarfati,Male,lsarfati1f,lsarfati1f@tmall.com,Africa International University,Czech
53,Kerby,Lefeaver,Male,klefeaver1g,klefeaver1g@reference.com,Technological University (Kyaukse),Khmer
54,Kaitlynn,Tunmore,Female,ktunmore1h,ktunmore1h@kickstarter.com,Megatrend University of Applied Sciences,Albanian
55,Lyndy,Briant,Female,lbriant1i,lbriant1i@apache.org,Fred Hutchinson Cancer Research Center,Oriya
56,Hillary,Jenkyn,Male,hjenkyn1j,hjenkyn1j@smh.com.au,Katholische Hochschule für Soziale Arbeit Saarbrücken,German
57,Aylmar,Gingold,Male,agingold1k,agingold1k@state.tx.us,Oman College Of Management & Technology,German
58,Nev,Strain,Male,nstrain1l,nstrain1l@creativecommons.org,BiTS - Business and Information Technology School gGmbH,Icelandic
59,Ignace,Discombe,Male,idiscombe1m,idiscombe1m@prnewswire.com,"Embry Riddle Aeronautical University, Prescott",Assamese
60,Shalom,Skivington,Male,sskivington1n,sskivington1n@samsung.com,California University of Pennsylvania,Luxembourgish
61,Ole,Dimmack,Male,odimmack1o,odimmack1o@nationalgeographic.com,Vanderbilt University,Tsonga
62,Dene,Geeson,Male,dgeeson1p,dgeeson1p@merriam-webster.com,University of Medicine and Pharmacy of Iasi,Tsonga
63,Gibb,Troman,Male,gtroman1q,gtroman1q@ehow.com,Southwest Forestry University,Greek
64,Darb,Bordiss,Male,dbordiss1r,dbordiss1r@howstuffworks.com,"Rajamangala University of Technology, Phra Nakhon",Tsonga
65,Timothy,Wolfers,Male,twolfers1s,twolfers1s@edublogs.org,Universitas Muhammadiyah Malang,Ndebele
66,Donetta,Cramer,Female,dcramer1t,dcramer1t@state.tx.us,Alfred Adler Graduate School,Swedish
67,Jerrilyn,Manser,Genderqueer,jmanser1u,jmanser1u@loc.gov,Pangasinan State University,Polish
68,Birch,Blofield,Male,bblofield1v,bblofield1v@indiegogo.com,National University of Laos,Punjabi
69,Jacynth,Flowith,Female,jflowith1w,jflowith1w@squidoo.com,Hong Kong Academy for Performing Arts ,Gujarati
70,Normand,Freebury,Male,nfreebury1x,nfreebury1x@nbcnews.com,Audrey Cohen College,Tswana
71,Barri,Andrick,Male,bandrick1y,bandrick1y@fotki.com,St. John's & St. Mary's Institute of Technology,Kashmiri
72,Gareth,Rebanks,Polygender,grebanks1z,grebanks1z@plala.or.jp,Montana State University - Billings,Dutch
73,Lillis,Smitham,Female,lsmitham20,lsmitham20@rediff.com,University of Wisconsin - Green Bay,Hindi
74,Kenyon,Box,Male,kbox21,kbox21@oaic.gov.au,University of Indianapolis in Athens,Afrikaans
75,Dominick,Sorrel,Male,dsorrel22,dsorrel22@upenn.edu,National Technical University of Athens,Dzongkha
76,Georgy,Brampton,Male,gbrampton23,gbrampton23@shareasale.com,Iglobal University,Polish
77,Dmitri,Teaze,Male,dteaze24,dteaze24@purevolume.com,Lebanese International University,Assamese
78,Robbert,Tomaino,Male,rtomaino25,rtomaino25@amazon.com,Universidade do Sul de Santa Catarina,Yiddish
79,Prentiss,Domico,Male,pdomico26,pdomico26@blog.com,Iglobal University,Oriya
80,Dory,Sauter,Female,dsauter27,dsauter27@earthlink.net,La Salle Universities - International Programmes,Mongolian
81,Ebeneser,Howorth,Male,ehoworth28,ehoworth28@mediafire.com,Al-Baath University,Estonian
82,Rowen,Dymott,Male,rdymott29,rdymott29@elpais.com,Université de Picardie Jules-Verne,Hebrew
83,Denise,Blacklawe,Female,dblacklawe2a,dblacklawe2a@illinois.edu,George Washington University,Japanese
84,Kelbee,Leadstone,Male,kleadstone2b,kleadstone2b@mediafire.com,Hodeidah University,Marathi
85,Dougie,Carswell,Male,dcarswell2c,dcarswell2c@yandex.ru,University of Virginia,Hebrew
86,Melania,O'Kinneally,Female,mokinneally2d,mokinneally2d@senate.gov,Bangladesh University of Professionals,Portuguese
87,Amye,Ollerenshaw,Female,aollerenshaw2e,aollerenshaw2e@ebay.co.uk,FTMS Global Academy,Gagauz
88,Dorey,Antrim,Female,dantrim2f,dantrim2f@chicagotribune.com,Taipei Medical College,Dzongkha
89,Brita,Houson,Female,bhouson2g,bhouson2g@nbcnews.com,Anglo-American University,New Zealand Sign Language
90,Lee,Davidovsky,Male,ldavidovsky2h,ldavidovsky2h@wunderground.com,"Indian Institute of Technology, Kharagpur",Catalan
91,Cletus,Norree,Male,cnorree2i,cnorree2i@accuweather.com,Fachhochschule für Technik und Wirtschaft Berlin,Nepali
92,Jenifer,Barles,Female,jbarles2j,jbarles2j@usatoday.com,East China University of Science and Technology,Oriya
93,Peirce,Mintoff,Male,pmintoff2k,pmintoff2k@trellian.com,Charles Darwin University,Japanese
94,Ashely,Hyslop,Female,ahyslop2l,ahyslop2l@pen.io,East Carolina University,Telugu
95,Maximilian,Franceschielli,Male,mfranceschielli2m,mfranceschielli2m@jalbum.net,Academy of Arts,Indonesian
96,Cristal,Jeram,Female,cjeram2n,cjeram2n@drupal.org,Anglia Ruskin University,Lao
97,Denney,Dunhill,Male,ddunhill2o,ddunhill2o@mysql.com,University of Fiji,Tajik
98,Blythe,McIan,Female,bmcian2p,bmcian2p@smh.com.au,Xi'an University of Technology,Finnish
99,Vivyanne,Jouhan,Genderqueer,vjouhan2q,vjouhan2q@g.co,Zhongnan University of Economics and Law,Lithuanian
100,Hildagarde,Slite,Female,hslite2r,hslite2r@amazon.co.uk,Free University Amsterdam,Maltese
101,Nap,Carss,Male,ncarss2s,ncarss2s@angelfire.com,Toyo University,Quechua
102,Chadwick,Calver,Male,ccalver2t,ccalver2t@indiatimes.com,Hochschule Coburg,Danish
103,Trevor,France,Male,tfrance2u,tfrance2u@list-manage.com,Ecole Nationale Supérieure des Mines de Paris,Spanish
104,Gwyn,Stoter,Female,gstoter2v,gstoter2v@moonfruit.com,Loras College,Azeri
105,Ced,Alliston,Male,calliston2w,calliston2w@about.me,Universitas Terbuka Indonesia,Afrikaans
106,Jolie,Attenbrow,Female,jattenbrow2x,jattenbrow2x@fc2.com,Dongseo University,Yiddish
107,Bob,Rodenhurst,Male,brodenhurst2y,brodenhurst2y@pinterest.com,University of Food Technology,Swedish
108,Michaeline,Airth,Female,mairth2z,mairth2z@disqus.com,Sauder School of Business,Dzongkha
109,Thalia,Le Hucquet,Female,tlehucquet30,tlehucquet30@intel.com,Midwestern State University,Kurdish
110,Jillene,Daber,Female,jdaber31,jdaber31@apple.com,Universidade de Marília,Belarusian
111,Candra,Canning,Female,ccanning32,ccanning32@icio.us,Miryang National University,Pashto
112,Phebe,Cliffe,Female,pcliffe33,pcliffe33@a8.net,"City University of New York, Medgar Evers College",Marathi
113,Thain,Liddiard,Male,tliddiard34,tliddiard34@google.nl,United States Merchant Marine Academy,Yiddish
114,Carly,Cromack,Female,ccromack35,ccromack35@google.ca,Instituto Politécnico de Tomar,Guaraní
115,Bevon,Lawlings,Male,blawlings36,blawlings36@fc2.com,University of Portsmouth,West Frisian
116,Jemimah,Maggiore,Genderqueer,jmaggiore37,jmaggiore37@businesswire.com,Hazara University,Hiri Motu
117,Tamra,Allot,Female,tallot38,tallot38@columbia.edu,Ufa State Aviation Technical University,Hindi
118,Jamaal,Gligori,Male,jgligori39,jgligori39@free.fr,Université Rennes II - Haute-Bretagne,French
119,Nate,Parkisson,Male,nparkisson3a,nparkisson3a@scientificamerican.com,Shenandoah University,Punjabi
120,Aundrea,Voules,Female,avoules3b,avoules3b@networkadvertising.org,Komazawa University,Latvian
121,Lucian,Gainfort,Male,lgainfort3c,lgainfort3c@epa.gov,International Business School Kelajak ILMI,Portuguese
122,Salomon,Meegan,Male,smeegan3d,smeegan3d@devhub.com,Khabarovsk State Academy of Economics and Law,Bislama
123,Torrence,Joselevitz,Non-binary,tjoselevitz3e,tjoselevitz3e@xrea.com,Universidad Latina de Costa Rica,Marathi
124,Lindy,Eadmead,Male,leadmead3f,leadmead3f@istockphoto.com,"Washington State University, Tri-Cities",Tamil
125,Madelon,Wingatt,Female,mwingatt3g,mwingatt3g@odnoklassniki.ru,John Carroll University,Malayalam
126,Eydie,Kubasek,Non-binary,ekubasek3h,ekubasek3h@1und1.de,Universidad Adventista Dominicana,Icelandic
127,Pollyanna,Quainton,Non-binary,pquainton3i,pquainton3i@cisco.com,Shanxi University,Icelandic
128,Lin,Vasile,Genderqueer,lvasile3j,lvasile3j@geocities.com,Sadra University,Estonian
129,Willette,Breakwell,Bigender,wbreakwell3k,wbreakwell3k@columbia.edu,Aristotle University of Thessaloniki,Maltese
130,Burlie,Bessom,Male,bbessom3l,bbessom3l@homestead.com,Sterling College,Belarusian
131,Marigold,Muriel,Female,mmuriel3m,mmuriel3m@army.mil,Universidade do Sagrado Coração,Dari
132,Klemens,Magnay,Male,kmagnay3n,kmagnay3n@ning.com,National College of Naturopathic Medicine,Swati
133,Ralf,Paggitt,Male,rpaggitt3o,rpaggitt3o@drupal.org,University of Wisconsin - Green Bay,Kyrgyz
134,Gaston,Soro,Male,gsoro3p,gsoro3p@yandex.ru,Winston-Salem State University,Japanese
135,Granny,Blackburne,Male,gblackburne3q,gblackburne3q@tripod.com,University of Guyana,Polish
136,Ryan,Zorn,Male,rzorn3r,rzorn3r@shinystat.com,Universitas Sarjanawiyata Tamansiswa,Ndebele
137,Freeman,Puddephatt,Genderqueer,fpuddephatt3s,fpuddephatt3s@bizjournals.com,Falmouth University,Afrikaans
138,Lyda,Ryman,Female,lryman3t,lryman3t@economist.com,University of South Carolina - Sumter,Tok Pisin
139,Juliette,Hanrott,Female,jhanrott3u,jhanrott3u@telegraph.co.uk,Universitas Negeri Malang,Chinese
140,Burnard,Minchenton,Male,bminchenton3v,bminchenton3v@google.es,Fort Valley State College,New Zealand Sign Language
141,Yankee,Orto,Male,yorto3w,yorto3w@ning.com,Meiji College of Pharmacy,Bulgarian
142,Dmitri,Stickells,Male,dstickells3x,dstickells3x@marriott.com,Hyogo University,German
143,Alexis,Howsden,Male,ahowsden3y,ahowsden3y@vimeo.com,Engineering College of Aarhus,Hungarian
144,Barri,Smeaton,Male,bsmeaton3z,bsmeaton3z@mtv.com,Mondragon Univertsitatea,Lao
145,Trevor,Brass,Male,tbrass40,tbrass40@unicef.org,Universitas Wisnuwardhana,Pashto
146,Germain,Trainor,Female,gtrainor41,gtrainor41@infoseek.co.jp,Universitas Klabat,Gagauz
147,Reeba,Allinson,Female,rallinson42,rallinson42@free.fr,City University,Swati
148,Reade,Bolesma,Male,rbolesma43,rbolesma43@tuttocitta.it,Escuela Superiore de Administración Pública,Latvian
149,Keriann,Tolan,Female,ktolan44,ktolan44@simplemachines.org,Universidade da Região da Campanha,Azeri
150,Bent,Challace,Male,bchallace45,bchallace45@un.org,Western Bible College,Montenegrin
151,Breena,Maroney,Female,bmaroney46,bmaroney46@tripod.com,Hafencity Universität Hamburg,Tswana
152,Rance,Girardot,Male,rgirardot47,rgirardot47@parallels.com,"Deutsch-Ordens Fachhochschule Riedlingen, Hochschule für Wirtschaft",Lao
153,Jarad,Insole,Male,jinsole48,jinsole48@guardian.co.uk,National Institute of Fitness and Sports Kanoya,Polish
154,Tallia,McSkeagan,Female,tmcskeagan49,tmcskeagan49@printfriendly.com,St. Petersburg State Theatre Arts Academy,Dzongkha
155,Giff,Gavrieli,Male,ggavrieli4a,ggavrieli4a@51.la,Suwon University,New Zealand Sign Language
156,Mortimer,Murdy,Male,mmurdy4b,mmurdy4b@dagondesign.com,Université Shalom de Bunia,Icelandic
157,Nissa,Veelers,Female,nveelers4c,nveelers4c@themeforest.net,St. Paul University,Icelandic
158,Erinn,Gravells,Female,egravells4d,egravells4d@cdc.gov,Shandong Economic University,Greek
159,Delaney,Suttell,Male,dsuttell4e,dsuttell4e@51.la,Kogi State University,Czech
160,Ian,MacAless,Male,imacaless4f,imacaless4f@redcross.org,Voronezh State University,Moldovan
161,Arther,Thay,Male,athay4g,athay4g@nature.com,Universidad de San Pedro Sula,Nepali
162,Kathe,Simison,Female,ksimison4h,ksimison4h@ameblo.jp,Institute of Science and Technology,Indonesian
163,Devi,Ascough,Female,dascough4i,dascough4i@sciencedirect.com,California Lutheran University,Oriya
164,Shepperd,O'Cannan,Polygender,socannan4j,socannan4j@lycos.com,Northwest University,Arabic
165,Susette,Livett,Female,slivett4k,slivett4k@google.de,Jinnah University for Women,Haitian Creole
166,Enrico,Vitte,Male,evitte4l,evitte4l@cdbaby.com,University of South Carolina,Bulgarian
167,Lyman,Bracchi,Male,lbracchi4m,lbracchi4m@independent.co.uk,Allahabad University,Tamil
168,Luelle,McKeeman,Female,lmckeeman4n,lmckeeman4n@washingtonpost.com,Ruprecht-Karls-Universität Heidelberg,Greek
169,Enid,Deam,Female,edeam4o,edeam4o@sogou.com,Asia Pacific Institute of Information Technology Pakistan (APIIT PAK),New Zealand Sign Language
170,Kingsley,Dickie,Male,kdickie4p,kdickie4p@samsung.com,Communication University of China,Korean
171,Cyb,Lerven,Female,clerven4q,clerven4q@cbsnews.com,Nova Scotia College of Art and Design,Italian
172,Adiana,Whiff,Female,awhiff4r,awhiff4r@hao123.com,Kent State University - Trumbull,Swahili
173,Judie,Borchardt,Polygender,jborchardt4s,jborchardt4s@liveinternet.ru,Cyberjaya University College of Medical Science,Montenegrin
174,Aurelia,Gulliford,Genderqueer,agulliford4t,agulliford4t@virginia.edu,Fachhochschule Neubrandenburg,Albanian
175,Eulalie,Goodayle,Female,egoodayle4u,egoodayle4u@naver.com,Atlantic Union College,Swedish
176,Birdie,Albery,Female,balbery4v,balbery4v@wiley.com,Pacific Northwest College of Art,Azeri
177,Beniamino,Bagnall,Male,bbagnall4w,bbagnall4w@comcast.net,"De La Salle University, Araneta",Irish Gaelic
178,Parke,Gecks,Male,pgecks4x,pgecks4x@wix.com,Institut Textile et Chimique de Lyon,Croatian
179,Ellie,Thurbon,Female,ethurbon4y,ethurbon4y@baidu.com,Barat College,Malayalam
180,Ardelis,Pollastro,Agender,apollastro4z,apollastro4z@cdbaby.com,Taj Institute of Higher Education,New Zealand Sign Language
181,Teddy,Hastelow,Male,thastelow50,thastelow50@aol.com,National University of Management,Assamese
182,Bran,Belliard,Male,bbelliard51,bbelliard51@php.net,Bond University,Tswana
183,Spenser,McKennan,Male,smckennan52,smckennan52@bandcamp.com,Surgut State University,Estonian
184,Caprice,Elcox,Female,celcox53,celcox53@hubpages.com,"Federal University of Technology, Minna",Swati
185,Shellie,Belfield,Female,sbelfield54,sbelfield54@linkedin.com,Tver State Medical Academy,Romanian
186,Almira,Drable,Agender,adrable55,adrable55@apache.org,Mahatma Gandhi Chitrakut Gramoday University,Bengali
187,Briggs,Suett,Male,bsuett56,bsuett56@list-manage.com,University of Marketing and Distribution Sciences,Korean
188,Lita,Fishbourne,Female,lfishbourne57,lfishbourne57@tinypic.com,Fukuyama University,Mongolian
189,Bearnard,Noore,Male,bnoore58,bnoore58@fema.gov,"Islamic Azad University, Maybod",Azeri
190,Jourdan,Peyro,Female,jpeyro59,jpeyro59@webnode.com,Angkor University,Belarusian
191,Gilli,Birbeck,Female,gbirbeck5a,gbirbeck5a@oaic.gov.au,Balkh University,Tok Pisin
192,Duane,Josilowski,Male,djosilowski5b,djosilowski5b@blogger.com,Gondar University,Tetum
193,Clevey,Overy,Male,covery5c,covery5c@example.com,University of Hydraulic Electric Engineering,Czech
194,Maximilianus,Meadmore,Male,mmeadmore5d,mmeadmore5d@illinois.edu,International University College of Technology Twintech (IUCTT),Telugu
195,Jayne,Wardingley,Female,jwardingley5e,jwardingley5e@redcross.org,Taoist College Singapore,Moldovan
196,Court,Dahlback,Male,cdahlback5f,cdahlback5f@skyrock.com,Union University,Tajik
197,Barr,Lisciandro,Male,blisciandro5g,blisciandro5g@boston.com,Saybrook Institute,Swati
198,Allie,Maps,Male,amaps5h,amaps5h@hao123.com,Universitas Cenderawasih,Sotho
199,Cally,Stodit,Female,cstodit5i,cstodit5i@sphinn.com,Troy University,Hebrew
200,Bartolemo,McGerr,Male,bmcgerr5j,bmcgerr5j@networkadvertising.org,Universidad Católica Andres Bello,Estonian
201,Benn,Sherrum,Male,bsherrum5k,bsherrum5k@phpbb.com,Qassim University,Dari
202,Seth,de Zamora,Male,sdezamora5l,sdezamora5l@senate.gov,Notre Dame University,Norwegian
203,Rodolphe,Snowling,Male,rsnowling5m,rsnowling5m@lulu.com,St. Ambrose University,Belarusian
204,Gisela,Brilon,Female,gbrilon5n,gbrilon5n@github.com,"Instituto de Artes Visuais, Design e Marketing - IADE",Khmer
205,Burk,Petrashkov,Male,bpetrashkov5o,bpetrashkov5o@hatena.ne.jp,University of Cagayan Valley,Nepali
206,Sheelagh,Carr,Female,scarr5p,scarr5p@quantcast.com,Korea National Open University,Assamese
207,Carr,Brinded,Male,cbrinded5q,cbrinded5q@sohu.com,"DeVry Institute of Technology, Pomona",Moldovan
208,Melba,Kelemen,Female,mkelemen5r,mkelemen5r@craigslist.org,"Katholieke Universiteit Leuven, Campus Kortrijk",Georgian
209,Tami,Pettis,Female,tpettis5s,tpettis5s@baidu.com,Ecole Superieure des Télécommunications,Swahili
210,Etti,Steljes,Female,esteljes5t,esteljes5t@discuz.net,Abai State University,Thai
211,Alyssa,O'dell,Female,aodell5u,aodell5u@lulu.com,University Malaysia Pahang,Lao
212,Delainey,Romagosa,Male,dromagosa5v,dromagosa5v@cornell.edu,University of Lincoln,Portuguese
213,Stern,Quigg,Male,squigg5w,squigg5w@forbes.com,Universidad Católica Santo Toribio de Mogrovejo,Sotho
214,Reine,Bayne,Female,rbayne5x,rbayne5x@cbslocal.com,Universidad Rafael Landívar,Chinese
215,Ed,Elwood,Male,eelwood5y,eelwood5y@utexas.edu,Hebei University of Science and Technology,Guaraní
216,Brodie,Picton,Male,bpicton5z,bpicton5z@themeforest.net,Asahi University,Pashto
217,Kira,Yeskin,Female,kyeskin60,kyeskin60@ycombinator.com,Mazandaran University of Medical Science,Papiamento
218,Walsh,Randell,Male,wrandell61,wrandell61@patch.com,University of Tartu,Chinese
219,Betta,Ortet,Female,bortet62,bortet62@goodreads.com,Katholische Universität Eichstätt,Malay
220,Xaviera,Sambals,Female,xsambals63,xsambals63@deviantart.com,Alahgaff University,Estonian
221,Jeanne,Hugle,Female,jhugle64,jhugle64@yandex.ru,IBAIS University,Finnish
222,Lorant,Sykes,Male,lsykes65,lsykes65@dyndns.org,Duke University,Afrikaans
223,Selestina,Penwright,Female,spenwright66,spenwright66@yahoo.com,University of NorthWest,Swati
224,Alf,McEvon,Male,amcevon67,amcevon67@so-net.ne.jp,St. Petersburg Repin State Academic Institute of Painting Sculpture and Achitecture,Belarusian
225,Spence,Trayes,Male,strayes68,strayes68@toplist.cz,Wollo University,Moldovan
226,Janenna,Layburn,Female,jlayburn69,jlayburn69@nps.gov,"Universidad Centroamericana ""José Simeón Canas""",Kazakh
227,Brena,Cowlas,Female,bcowlas6a,bcowlas6a@jiathis.com,Vitebsk State Medical University,Bulgarian
228,Rodge,Arson,Male,rarson6b,rarson6b@hao123.com,Blackburn College,French
229,Susi,Ollerenshaw,Female,sollerenshaw6c,sollerenshaw6c@mac.com,"Music Academy ""Fryderyk Chopin"" in Warszaw",Gagauz
230,Lyndell,Buckwell,Female,lbuckwell6d,lbuckwell6d@xing.com,European Management School,Maltese
231,Jobina,Comins,Female,jcomins6e,jcomins6e@prlog.org,Universidade de Brasília,Hungarian
232,Seline,Nolte,Genderfluid,snolte6f,snolte6f@typepad.com,Notre Dame University,Lao
233,Carolann,Spatoni,Female,cspatoni6g,cspatoni6g@photobucket.com,University of Petra,Japanese
234,Jocelin,Frances,Female,jfrances6h,jfrances6h@newsvine.com,Dongduk Women's University,Mongolian
235,Winifred,Hindhaugh,Female,whindhaugh6i,whindhaugh6i@un.org,Universiti Pendidikan Sultan Idris,Fijian
236,Hernando,Haddick,Male,hhaddick6j,hhaddick6j@yelp.com,Gunma Prefectural Women's University,Korean
237,Monica,Bridgens,Female,mbridgens6k,mbridgens6k@pinterest.com,Samarkand State University,German
238,Shurlock,Snedker,Male,ssnedker6l,ssnedker6l@jugem.jp,Manhattanville College,Indonesian
239,Ariela,O'Loinn,Polygender,aoloinn6m,aoloinn6m@123-reg.co.uk,Liaquat University of Medical & Health Sciences Jamshoro,Lao
240,Jacklin,Wass,Female,jwass6n,jwass6n@xinhuanet.com,Brandenburgische Technische Universität Cottbus,Tok Pisin
241,Pattin,Rapsey,Male,prapsey6o,prapsey6o@gravatar.com,"Institute of Architecture ""Ion Mincu"" Bucharest",Malay
242,Jourdain,Presslie,Male,jpresslie6p,jpresslie6p@indiegogo.com,Turkish Military Academy,Polish
243,Marcie,Simionato,Female,msimionato6q,msimionato6q@uol.com.br,Pusan National University of Education,Persian
244,Ernesto,Hedgecock,Male,ehedgecock6r,ehedgecock6r@craigslist.org,Union Theological Seminary (UTS),German
245,Marvin,Brettel,Male,mbrettel6s,mbrettel6s@alibaba.com,All Nations University College,Tswana
246,Lyn,Kubecka,Female,lkubecka6t,lkubecka6t@baidu.com,Forest Research Institute Dehradun,Chinese
247,Monique,Thornebarrow,Female,mthornebarrow6u,mthornebarrow6u@imageshack.us,Dubai Pharmacy College,Telugu
248,Livvie,Blooman,Genderqueer,lblooman6v,lblooman6v@squarespace.com,Universidad Nacional de La Plata,Afrikaans
249,Abigale,Fergusson,Female,afergusson6w,afergusson6w@smugmug.com,Singidunum University,Gagauz
250,Madeleine,Kestell,Female,mkestell6x,mkestell6x@blogger.com,Saginaw Valley State University,Finnish
251,Lilllie,Edmonson,Female,ledmonson6y,ledmonson6y@marriott.com,Nishikyushu University,French
252,Jemmie,Greenland,Female,jgreenland6z,jgreenland6z@unblog.fr,Heilongjiang August 1st Reclamation University,Catalan
253,Robby,Linsey,Female,rlinsey70,rlinsey70@pen.io,Pennsylvania State University Great Valley,Punjabi
254,Lucretia,Tibols,Bigender,ltibols71,ltibols71@google.com.au,Taif University,Thai
255,Phillida,McGeouch,Female,pmcgeouch72,pmcgeouch72@cafepress.com, Université de Nouakchott,West Frisian
256,Angelina,Pilbeam,Female,apilbeam73,apilbeam73@jimdo.com,Universidad del Istmo,Arabic
257,Arlina,Cleworth,Bigender,acleworth74,acleworth74@paginegialle.it,B.P.Koirala Institute of Health Sciences,Tok Pisin
258,Friedrich,Dun,Male,fdun75,fdun75@stumbleupon.com,"Arkansas State University, Newport",Sotho
259,Stanly,Muat,Male,smuat76,smuat76@hexun.com,Prasetiya Mulya Business School,Croatian
260,Lockwood,Issacof,Male,lissacof77,lissacof77@comsenz.com,Ecole Supérieure des Techniques Industrielles et des Textiles,Tamil
261,Viviyan,Derrett,Female,vderrett78,vderrett78@sogou.com,Evangelische Fachhochschule Ludwigshafen Hochschule für Sozial- und Gesundheitswesen,Tswana
262,Valerye,Hallums,Female,vhallums79,vhallums79@nasa.gov,Visvesvaraya Technological University,Kazakh
263,Lindon,Robillart,Male,lrobillart7a,lrobillart7a@earthlink.net,University of Maryland Medicine,Filipino
264,Orelie,Ceely,Polygender,oceely7b,oceely7b@umich.edu,Brooks Institute of Photography,Assamese
265,Alfred,Broadberry,Non-binary,abroadberry7c,abroadberry7c@prlog.org,University of Karachi,Macedonian
266,Carlynn,Spillard,Female,cspillard7d,cspillard7d@ted.com,Shoreline Community College,Catalan
267,Joel,Grishanov,Male,jgrishanov7e,jgrishanov7e@gnu.org,Kumoh National University of Technology,Polish
268,Petronella,Wrightam,Genderfluid,pwrightam7f,pwrightam7f@nydailynews.com,Universidad Cientifica del Sur,Macedonian
269,Curr,Chessill,Male,cchessill7g,cchessill7g@blogger.com,Brigham Young University Hawaii,French
270,Noby,Paulino,Male,npaulino7h,npaulino7h@dell.com,Technische Universität Graz,Kurdish
271,Antone,Feldberg,Male,afeldberg7i,afeldberg7i@4shared.com,St. Mary's College of California,Danish
272,Fedora,Fitchew,Female,ffitchew7j,ffitchew7j@patch.com,International Islamic College,Marathi
273,Adel,Ortler,Female,aortler7k,aortler7k@howstuffworks.com,Universidad España de Durango,Moldovan
274,Birgit,Sanney,Polygender,bsanney7l,bsanney7l@smugmug.com,Universidad del Norte,Tetum
275,Sandro,Bellinger,Male,sbellinger7m,sbellinger7m@xing.com,National Metallurgical Academy of Ukraine,Armenian
276,Evania,Regenhardt,Female,eregenhardt7n,eregenhardt7n@vinaora.com,"Concordia University, Mequon",Japanese
277,Abraham,Clemson,Male,aclemson7o,aclemson7o@123-reg.co.uk,University Goce Delcev,Kurdish
278,Jennine,Hartness,Female,jhartness7p,jhartness7p@about.me,Sichuan University,Tok Pisin
279,Garold,Kernar,Male,gkernar7q,gkernar7q@webmd.com,Siam Technology College,Polish
280,Ricard,Brittle,Male,rbrittle7r,rbrittle7r@intel.com,Okinawa University,Bislama
281,Ed,Nelane,Male,enelane7s,enelane7s@irs.gov,Arab European University,Swahili
282,Lolly,McKnish,Female,lmcknish7t,lmcknish7t@angelfire.com,University of the Incarnate World,Hebrew
283,Ula,Dulanty,Female,udulanty7u,udulanty7u@skyrock.com,Universidad Salesiana,Guaraní
284,Jan,Ritchley,Male,jritchley7v,jritchley7v@ucoz.com,Northern State Medical University,Afrikaans
285,Alfonse,Lindop,Male,alindop7w,alindop7w@yolasite.com,Université de Kamina,Italian
286,Dorie,Ailmer,Female,dailmer7x,dailmer7x@sciencedaily.com,Iwate University,Guaraní
287,Danette,Bodycomb,Female,dbodycomb7y,dbodycomb7y@is.gd,Technological University (Loikaw),Norwegian
288,Joel,McIlvenna,Male,jmcilvenna7z,jmcilvenna7z@cornell.edu,Universitas 17 Agustus 1945 Semarang,Dhivehi
289,Ivor,Biagini,Agender,ibiagini80,ibiagini80@europa.eu,Kwan Dong University,Kyrgyz
290,Trixi,Gregh,Female,tgregh81,tgregh81@rediff.com,Mahatma Phule Agricultural University,Kannada
291,Bryce,MacAirt,Male,bmacairt82,bmacairt82@squidoo.com,Tajik National University,Nepali
292,Reamonn,Dytham,Male,rdytham83,rdytham83@linkedin.com,Golestan University of Medical Sciences,Swahili
293,Maire,Rigolle,Female,mrigolle84,mrigolle84@sciencedirect.com,Xinjiang University of Finance and Economics,Kazakh
294,Beck,Eidelman,Male,beidelman85,beidelman85@cbslocal.com,Atlantic University,Chinese
295,Gordy,Jerrand,Male,gjerrand86,gjerrand86@goo.gl,Espam Formation University,Tetum
296,Jerome,Sayre,Male,jsayre87,jsayre87@ning.com,St. Petersburg Repin State Academic Institute of Painting Sculpture and Achitecture,Northern Sotho
297,Ruggiero,Weale,Male,rweale88,rweale88@earthlink.net,Mamoun Private University for Science and Technology,Dari
298,Sherrie,Wermerling,Female,swermerling89,swermerling89@shareasale.com,University of World Economy and Diplomacy,Zulu
299,Ly,Derrick,Male,lderrick8a,lderrick8a@wordpress.org,Nagoya University of Arts,English
300,Guilbert,Hovenden,Male,ghovenden8b,ghovenden8b@slashdot.org,Drew University,Gujarati
301,Drucill,Pressey,Female,dpressey8c,dpressey8c@google.es,Ghana Christian University College,Spanish
302,Viviyan,Chinnock,Female,vchinnock8d,vchinnock8d@cargocollective.com,South Carelian Polytechnic,Indonesian
303,Genevra,Enochsson,Female,genochsson8e,genochsson8e@patch.com,Chandra Shekhar Azad University of Agriculture and Technology,Georgian
304,Colman,Skedge,Bigender,cskedge8f,cskedge8f@facebook.com,Hiroshima Bunkyo Women's University,Maltese
305,Anthiathia,Grumble,Female,agrumble8g,agrumble8g@sourceforge.net,Northcentral University,Icelandic
306,Lian,Deval,Female,ldeval8h,ldeval8h@histats.com,Ecole Supérieure de Commerce et des Affaires,Dhivehi
307,Kelsey,Hoofe,Genderfluid,khoofe8i,khoofe8i@vinaora.com,"Benedictine University, Springfield College in Illinois",Gujarati
308,Aylmer,Mariel,Genderqueer,amariel8j,amariel8j@google.com,Sree Chitra Tirunal Institute for Medical Sciences and Technology,Tswana
309,Laurent,Dulwich,Male,ldulwich8k,ldulwich8k@sina.com.cn,University of Verona,Tetum
310,Kingsly,Parsonson,Male,kparsonson8l,kparsonson8l@example.com,Ohio University - Southern,Punjabi
311,Margeaux,Diess,Female,mdiess8m,mdiess8m@state.gov,Egerton University,Malagasy
312,Darleen,Koop,Female,dkoop8n,dkoop8n@elegantthemes.com,Siberian State Transport University,Fijian
313,Luther,Gillingwater,Male,lgillingwater8o,lgillingwater8o@free.fr,Ecole Supérieure d'Optique,Czech
314,Othilie,Shalliker,Female,oshalliker8p,oshalliker8p@discovery.com,Universitas Krisnadwipayana,Hiri Motu
315,Aubine,Kira,Female,akira8q,akira8q@theguardian.com,Eurasian Institute of market,Yiddish
316,Saw,Tesauro,Agender,stesauro8r,stesauro8r@usa.gov,James Cook University of North Queensland,Māori
317,Elisabetta,Durston,Female,edurston8s,edurston8s@jiathis.com,Toyo Gakuen University,Azeri
318,Freeman,Rispin,Male,frispin8t,frispin8t@businesswire.com,Universidad Autónoma de Bucaramanga,Malayalam
319,Willard,Barrabeale,Male,wbarrabeale8u,wbarrabeale8u@desdev.cn,National Chiao Tung University,Japanese
320,Jeannette,Roads,Female,jroads8v,jroads8v@plala.or.jp,Universidad Central del Valle del Cauca,Assamese
321,Cristine,Boakes,Polygender,cboakes8w,cboakes8w@ucoz.ru,Molde University College,Assamese
322,Dionisio,Kille,Genderqueer,dkille8x,dkille8x@google.com.hk,Copperbelt University,Kyrgyz
323,Andie,Labbati,Genderqueer,alabbati8y,alabbati8y@foxnews.com,Chung-Ju National University,French
324,Selma,Mosby,Female,smosby8z,smosby8z@qq.com,Universidad Autónoma Juan Misael Saracho,Assamese
325,Sarah,Duguid,Female,sduguid90,sduguid90@google.es,Göteborg University,Gujarati
326,Merrile,Whittlesee,Female,mwhittlesee91,mwhittlesee91@theatlantic.com,Goddard College,Kazakh
327,Talya,Wissby,Female,twissby92,twissby92@google.de,California College of Podiatric Medicine,Polish
328,Caleb,Dugall,Genderfluid,cdugall93,cdugall93@cnn.com,Université de Mostaganem,Portuguese
329,Maia,Key,Genderqueer,mkey94,mkey94@plala.or.jp,Amirkabir College of Managmant & Technology,Kyrgyz
330,Taryn,Ottewell,Genderqueer,tottewell95,tottewell95@techcrunch.com,Takachiho University,Finnish
331,Hestia,Hirschmann,Female,hhirschmann96,hhirschmann96@unicef.org,Universidad Bellas Artes,Moldovan
332,Brennen,Aggott,Genderqueer,baggott97,baggott97@epa.gov,Rheinische Fachhochschule Köln,Tok Pisin
333,Dannel,Kuhnhardt,Male,dkuhnhardt98,dkuhnhardt98@archive.org,Catholic University of the Sacred Heart,Irish Gaelic
334,Julienne,Wildey,Female,jwildey99,jwildey99@issuu.com,Universidad Central del Este,Dhivehi
335,Alphonse,Verrills,Male,averrills9a,averrills9a@blogspot.com,Miyazaki Municipal University,Punjabi
336,Marcella,Purdey,Female,mpurdey9b,mpurdey9b@hhs.gov,Nova Southeastern University,Gujarati
337,Millisent,Twitching,Female,mtwitching9c,mtwitching9c@nsw.gov.au,Spartan University of Health Sciences,Swati
338,Honey,Strettell,Female,hstrettell9d,hstrettell9d@abc.net.au,Maharishi University of Management,Mongolian
339,Beverley,Gierth,Female,bgierth9e,bgierth9e@google.de,St. John's College Maryland,Swati
340,Quinn,Horder,Female,qhorder9f,qhorder9f@alexa.com,Ahmadu Bello University,Ndebele
341,Culley,Rummer,Agender,crummer9g,crummer9g@hhs.gov,Universidad Francisco de Vitoria,Romanian
342,Lu,Lamers,Female,llamers9h,llamers9h@hc360.com,Inner Mongolia University,Moldovan
343,Zacharie,Bootes,Male,zbootes9i,zbootes9i@istockphoto.com,Rose-Hulman Institute of Technology,Hungarian
344,Faye,Mc Kellen,Female,fmckellen9j,fmckellen9j@shop-pro.jp,Royal University of Law and Economics,Tajik
345,Guillema,Infantino,Female,ginfantino9k,ginfantino9k@paypal.com,State University of New York College at Fredonia,Norwegian
346,Wit,Ianno,Male,wianno9l,wianno9l@clickbank.net,Hokkaido Institute of Pharmaceutical Sciences,Romanian
347,Devora,Jarman,Female,djarman9m,djarman9m@jigsy.com,Indus Institute of Higher Education,Bulgarian
348,Dion,Matevushev,Female,dmatevushev9n,dmatevushev9n@psu.edu,University of Nebraska (System),Swahili
349,Tonie,Lapwood,Female,tlapwood9o,tlapwood9o@aboutads.info,San Francisco Art Institute,Māori
350,Leeland,Runciman,Male,lrunciman9p,lrunciman9p@mlb.com,University of Western Ontario,Swahili
351,Julius,Dahill,Male,jdahill9q,jdahill9q@reddit.com,Universidade Federal de Mato Grosso,Yiddish
352,Doyle,Huyton,Male,dhuyton9r,dhuyton9r@paginegialle.it,State University of New York Downstate Medical Center,Lithuanian
353,Adiana,Arnow,Agender,aarnow9s,aarnow9s@devhub.com,Bunka Women's University,Romanian
354,Devina,Rolfo,Female,drolfo9t,drolfo9t@mozilla.org,Tel Aviv University,Filipino
355,Kenn,Mansion,Male,kmansion9u,kmansion9u@fastcompany.com,Indiana University-Purdue University at Indianapolis,Bulgarian
356,Kass,Coppeard,Female,kcoppeard9v,kcoppeard9v@tumblr.com,Massachusetts Maritime Academy,French
357,Birgit,MacCaughen,Female,bmaccaughen9w,bmaccaughen9w@marketwatch.com,Bryant University,Hindi
358,Karmen,Aspden,Female,kaspden9x,kaspden9x@w3.org,Fachhochschulstudiengänge der Wiener Wirtschaft,Croatian
359,Reider,Bissill,Agender,rbissill9y,rbissill9y@mac.com,Pontifícia Universidade Católica de Minas Gerais,Bosnian
360,Burg,Grafton-Herbert,Male,bgraftonherbert9z,bgraftonherbert9z@mediafire.com,Escuela Nacional de Estudios Superiores Unidad León,Latvian
361,Gay,Samwayes,Female,gsamwayesa0,gsamwayesa0@tinyurl.com,Universidad de Costa Rica,Irish Gaelic
362,Cathrine,Eglaise,Genderqueer,ceglaisea1,ceglaisea1@sfgate.com,Samara State University of Economics,Kazakh
363,Dosi,Spilling,Female,dspillinga2,dspillinga2@census.gov,Perak Islamic College,Swati
364,Daisey,Gover,Female,dgovera3,dgovera3@cmu.edu,Universidad del Atlántico,Dari
365,Bartlet,Amiable,Non-binary,bamiablea4,bamiablea4@infoseek.co.jp,Cheljabinsk State Institute of Teacher Training,Marathi
366,Evania,Bangiard,Female,ebangiarda5,ebangiarda5@elegantthemes.com,Far Eastern State University,Tswana
367,Jodie,Mohammad,Male,jmohammada6,jmohammada6@boston.com,Universidad del Atlántico,Belarusian
368,Evelina,Downton,Female,edowntona7,edowntona7@cnbc.com,Universidad de la Empresa (UDE),Sotho
369,Papagena,Riddell,Female,priddella8,priddella8@ucsd.edu,Alahgaff University,Armenian
370,Andriana,Pleat,Female,apleata9,apleata9@indiatimes.com,Sultan Haji Ahmad Shah Polytechnic,Hindi
371,Dorey,Isaacson,Male,disaacsonaa,disaacsonaa@networksolutions.com,Kobe Shoin Women's University,Romanian
372,Nikolas,Bathoe,Male,nbathoeab,nbathoeab@so-net.ne.jp,Liszt Ferenc Academy of Music Budapest,Romanian
373,Barthel,Aubray,Male,baubrayac,baubrayac@forbes.com,Thompson Rivers University,Hiri Motu
374,Alick,Hadwen,Genderqueer,ahadwenad,ahadwenad@opera.com,Institut Teknologi Telkom,Tamil
375,Adria,Sloey,Female,asloeyae,asloeyae@cnet.com,Estonian University of Life Sciences,Italian
376,Dennis,Payler,Male,dpayleraf,dpayleraf@ehow.com,Fort Hays State University,Gagauz
377,Egan,O' Bee,Male,eobeeag,eobeeag@xing.com,Columbia College Chicago,Oriya
378,Alden,Pendergrast,Male,apendergrastah,apendergrastah@phpbb.com,University of Molise,Ndebele
379,Tulley,Ohrtmann,Male,tohrtmannai,tohrtmannai@ehow.com,Warsaw School of Social Psychology,Tetum
380,Stanton,Kennham,Male,skennhamaj,skennhamaj@hud.gov,Université de Caen Basse Normandie,Malay
381,Brinna,Takis,Female,btakisak,btakisak@xrea.com,Linton University College,Oriya
382,Clayton,Ratcliff,Male,cratcliffal,cratcliffal@dmoz.org,Universitas Muhammadiyah Makassar,Kyrgyz
383,Anna,Pryor,Female,apryoram,apryoram@surveymonkey.com,YPC-iTWEB College,Azeri
384,Minnnie,McTavy,Female,mmctavyan,mmctavyan@drupal.org,"Troy University, Troy",Swedish
385,Heda,Chue,Female,hchueao,hchueao@gravatar.com,Universidad Latina de Panamá,Kannada
386,Biddy,Courtman,Female,bcourtmanap,bcourtmanap@jiathis.com,University of Medicine Magway,Georgian
387,Moshe,Cumo,Male,mcumoaq,mcumoaq@ed.gov,University of Idaho,Korean
388,Patrizius,Cantillon,Male,pcantillonar,pcantillonar@imdb.com,University of Music and Fine Arts,Montenegrin
389,Adrian,Rickersy,Male,arickersyas,arickersyas@sbwire.com,Gnesins Russian Academy of Music,Greek
390,Germana,Eberz,Female,geberzat,geberzat@usatoday.com,University of Hydraulic Electric Engineering,English
391,Mahmoud,Brambill,Male,mbrambillau,mbrambillau@tmall.com,Université de Kikwite,Armenian
392,Alaster,Dursley,Male,adursleyav,adursleyav@seesaa.net,University of Anbar,Catalan
393,Sherie,Penwright,Female,spenwrightaw,spenwrightaw@instagram.com,Physical Education Academy in Wroclaw,Dutch
394,Johnathon,Davey,Male,jdaveyax,jdaveyax@google.es,Universidad Nacional de Río Cuarto,Dzongkha
395,Eloisa,Loudian,Female,eloudianay,eloudianay@irs.gov,Université de N'Djamena,Somali
396,Lorinda,Drynan,Female,ldrynanaz,ldrynanaz@rambler.ru,"Dr. Hari Singh Gour University, formerly University of Sagar",Polish
397,Alexi,Weldrick,Female,aweldrickb0,aweldrickb0@pagesperso-orange.fr,MacEwan University,Armenian
398,Gilburt,De Lorenzo,Male,gdelorenzob1,gdelorenzob1@canalblog.com,Prince of Songkla University,Icelandic
399,Boothe,Ekless,Male,beklessb2,beklessb2@webmd.com,Chonju National University of Education,Armenian
400,Haydon,Eshelby,Male,heshelbyb3,heshelbyb3@google.nl,University of Greenwich,Macedonian
401,Sherrie,Semken,Female,ssemkenb4,ssemkenb4@illinois.edu,Université de Yaoundé II,Guaraní
402,Talia,Goburn,Female,tgoburnb5,tgoburnb5@ifeng.com,University of the Incarnate World,Dhivehi
403,Fernando,Dytham,Genderfluid,fdythamb6,fdythamb6@rakuten.co.jp,Turin Polytechnic University In Tashkent,English
404,Bekki,Hayhow,Female,bhayhowb7,bhayhowb7@liveinternet.ru,Regis University,Catalan
405,Mycah,O'Daly,Genderfluid,modalyb8,modalyb8@blinklist.com,Universitat Pompeu Fabra,Tsonga
406,Jenny,Fairey,Polygender,jfaireyb9,jfaireyb9@stumbleupon.com,Universidad Nacional de San Luis,Chinese
407,Stearn,Subhan,Male,ssubhanba,ssubhanba@dell.com,4th Military Medical University,New Zealand Sign Language
408,Leonard,Hallock,Male,lhallockbb,lhallockbb@google.com,University of Tabuk,Northern Sotho
409,Angela,Titheridge,Female,atitheridgebc,atitheridgebc@yelp.com,Gediz University,Japanese
410,Vilma,Haresnape,Female,vharesnapebd,vharesnapebd@chicagotribune.com,University College of Nabi Akram,Italian
411,Curtis,Sparshott,Male,csparshottbe,csparshottbe@ycombinator.com,"University of Wales, Newport",Hungarian
412,Alford,Keuneke,Male,akeunekebf,akeunekebf@mysql.com,Bowen University,Marathi
413,Thadeus,Chippindale,Male,tchippindalebg,tchippindalebg@edublogs.org,Gezira College of Technology,Icelandic
414,Angelica,Rigts,Female,arigtsbh,arigtsbh@tinyurl.com,Majan University College,Zulu
415,Matthiew,Zellmer,Male,mzellmerbi,mzellmerbi@who.int,Tunku Syed Sirajuddin Polytechnic,Lithuanian
416,Daveen,Belding,Female,dbeldingbj,dbeldingbj@multiply.com,Gakushuin University,Amharic
417,Rochester,Kenright,Genderqueer,rkenrightbk,rkenrightbk@wikia.com,Nagoya University of Commerce and Business Administration,Chinese
418,Glori,Abbey,Female,gabbeybl,gabbeybl@csmonitor.com,Graduate University for Advanced Studies,Hebrew
419,Marielle,Goudy,Polygender,mgoudybm,mgoudybm@rambler.ru,University of Human Development (Kurdistan Region),Norwegian
420,Pepillo,Bemrose,Agender,pbemrosebn,pbemrosebn@mysql.com,University of Maryland Medicine,Swahili
421,Noelle,Reese,Female,nreesebo,nreesebo@usatoday.com,California College for Health Sciences,Belarusian
422,Caron,Nutbean,Polygender,cnutbeanbp,cnutbeanbp@gravatar.com,Universitat de les Illes Balears,Japanese
423,Jori,Schultze,Polygender,jschultzebq,jschultzebq@imgur.com,"Télé-université, Université du Québec",Hindi
424,Ruthi,Ingolotti,Agender,ringolottibr,ringolottibr@weebly.com,Jamia Millia Islamia University,Italian
425,Christi,Hurren,Female,churrenbs,churrenbs@weibo.com,Dijla University College,Japanese
426,Fayette,Kearns,Female,fkearnsbt,fkearnsbt@geocities.com,Universidade São Judas Tadeu,Bosnian
427,Harrietta,Silverton,Female,hsilvertonbu,hsilvertonbu@tuttocitta.it,Seian University of Art & Design,Somali
428,Tammie,Gothup,Female,tgothupbv,tgothupbv@youku.com,Umaru Musa Yar'Adua University ,English
429,Eilis,Hupka,Female,ehupkabw,ehupkabw@bravesites.com,"Islamic Azad University, Bandar Abbas",Romanian
430,Sheila,Sackes,Female,ssackesbx,ssackesbx@meetup.com,Université Bordeaux I,Armenian
431,Daveen,Killner,Female,dkillnerby,dkillnerby@google.it,"Instituto Superior Minero Metalúrgico ""Dr. Antonio Núñez Jiménez""",Greek
432,Walt,Sainsberry,Male,wsainsberrybz,wsainsberrybz@qq.com,Indian Institute of Information Technology and Management - Kerala,English
433,Jan,Brimblecombe,Female,jbrimblecombec0,jbrimblecombec0@gizmodo.com,Universidad del Salvador,Mongolian
434,Odette,Maggi,Female,omaggic1,omaggic1@ebay.com,International Buddhist University,French
435,Enrichetta,Rowatt,Female,erowattc2,erowattc2@howstuffworks.com,Central University College,Dari
436,Waylon,Gallahue,Male,wgallahuec3,wgallahuec3@theglobeandmail.com,Trinity University,Hindi
437,Abel,Pearce,Male,apearcec4,apearcec4@yale.edu,Shannon College of Hotel Management,Afrikaans
438,Valdemar,Wheatcroft,Male,vwheatcroftc5,vwheatcroftc5@hatena.ne.jp,Wesleyan University Philippines,Latvian
439,Giacobo,Mallaby,Male,gmallabyc6,gmallabyc6@nsw.gov.au,Shikoku Christian College,Swahili
440,Aldin,Drage,Male,adragec7,adragec7@angelfire.com,Kurume Institute of Technology,West Frisian
441,Karlotta,Votier,Female,kvotierc8,kvotierc8@ca.gov,"Rasmussen College, Wisconsin Campuses",Tetum
442,Carma,Strachan,Female,cstrachanc9,cstrachanc9@deviantart.com,Benedict College,Quechua
443,Stacie,Fernez,Female,sfernezca,sfernezca@cbc.ca,Scholl College of Podiatric Medicine,Dari
444,Tonia,Winthrop,Female,twinthropcb,twinthropcb@mail.ru,Fachhochschule Frankfurt am Main,Spanish
445,Patsy,MacAirt,Male,pmacairtcc,pmacairtcc@about.me,Narendra Deva University of Agriculture and Technology,Greek
446,Antoine,Baston,Male,abastoncd,abastoncd@wordpress.org,Gnesins Russian Academy of Music,Korean
447,Daniele,Le Breton De La Vieuville,Female,dlebretondelavieuvillece,dlebretondelavieuvillece@ftc.gov,"Islamic Azad University, Hamedan",Estonian
448,Frannie,Batts,Female,fbattscf,fbattscf@google.de,Free University Stockholm,Somali
449,Jannel,Brimfield,Female,jbrimfieldcg,jbrimfieldcg@google.com.au,Shonan Institute of Technology,Bosnian
450,Klement,Boshere,Male,kbosherech,kbosherech@topsy.com,Christ University,Tajik
451,Darwin,Robson,Male,drobsonci,drobsonci@purevolume.com,Iona College,Estonian
452,Tobe,Yeatman,Male,tyeatmancj,tyeatmancj@domainmarket.com,Norton University,Bislama
453,Vyky,Sturror,Female,vsturrorck,vsturrorck@noaa.gov,Evangelische Fachhochschule Rheinland-Westfalen-Lippe,Romanian
454,Barry,Enric,Female,benriccl,benriccl@shutterfly.com,American University in Dubai,Korean
455,Kendell,Brear,Male,kbrearcm,kbrearcm@so-net.ne.jp,Universidad Panamericana de San Salvador,Latvian
456,Caren,Goodman,Female,cgoodmancn,cgoodmancn@histats.com,University of Sudbury,Filipino
457,Hayden,Carah,Male,hcarahco,hcarahco@1und1.de,Bethel College St. Paul,Persian
458,Marnia,D'Ambrosio,Female,mdambrosiocp,mdambrosiocp@cnbc.com,Shanghai Lida Polytechnic Institute,Nepali
459,Sandro,Norwell,Male,snorwellcq,snorwellcq@statcounter.com,St.Kliment Ohridski University,Armenian
460,Kendell,Duddy,Non-binary,kduddycr,kduddycr@cam.ac.uk,University of Management and Marketing,Thai
461,Marci,Langthorn,Female,mlangthorncs,mlangthorncs@cdc.gov,Multimedia University of Kenya,Bislama
462,Zsa zsa,Hoggin,Female,zhogginct,zhogginct@miitbeian.gov.cn,University of Johannesburg,Irish Gaelic
463,Breena,Lievesley,Female,blievesleycu,blievesleycu@businessinsider.com,Lincoln University Missouri,Swahili
464,Ephraim,Capenor,Male,ecapenorcv,ecapenorcv@loc.gov,Universitas Methodist Indonesia,Bosnian
465,Gayle,Roebuck,Female,groebuckcw,groebuckcw@salon.com,Florida Christian College,Amharic
466,Jeffie,Prahl,Male,jprahlcx,jprahlcx@booking.com,Ryutsu Keizai University,Ndebele
467,Wyndham,Knightsbridge,Male,wknightsbridgecy,wknightsbridgecy@ustream.tv,Dr. D.Y. Patil University,Finnish
468,Boothe,Peracco,Male,bperaccocz,bperaccocz@wsj.com,Manhattanville College,Marathi
469,Jemima,Bermingham,Female,jberminghamd0,jberminghamd0@wsj.com,George Brown College,Malay
470,Riane,Benjafield,Female,rbenjafieldd1,rbenjafieldd1@ebay.com,Golden Gate University,Kashmiri
471,Nichole,Houlson,Bigender,nhoulsond2,nhoulsond2@privacy.gov.au,Andrews University,Norwegian
472,Dorrie,Kalisch,Female,dkalischd3,dkalischd3@sfgate.com,Hitec University,Croatian
473,Jacintha,Denyer,Female,jdenyerd4,jdenyerd4@princeton.edu,Durham College,Polish
474,William,Gosse,Agender,wgossed5,wgossed5@arizona.edu,St. Mary College,Gujarati
475,Rosette,Fink,Female,rfinkd6,rfinkd6@sogou.com,Far Eastern University,Filipino
476,Marion,Danielsen,Female,mdanielsend7,mdanielsend7@amazon.co.uk,Vytautas Magnus University,Armenian
477,Keenan,Furnell,Male,kfurnelld8,kfurnelld8@twitter.com,Universidade São Francisco,Tok Pisin
478,Daryle,McInility,Male,dmcinilityd9,dmcinilityd9@bloglines.com,Université de Nantes,Gagauz
479,Nerti,Heasman,Female,nheasmanda,nheasmanda@yandex.ru,Nagaoka University of Technology,Catalan
480,Ambrose,Fettiplace,Male,afettiplacedb,afettiplacedb@msn.com,Université des Montagnes,Dari
481,Freedman,Suggitt,Male,fsuggittdc,fsuggittdc@guardian.co.uk,University of Sharjah,Korean
482,Eamon,Brotherton,Male,ebrothertondd,ebrothertondd@timesonline.co.uk,Yanbu University College,Moldovan
483,Kalli,Vickress,Female,kvickressde,kvickressde@cnbc.com,Qinghai Normal University,Czech
484,Sol,Saward,Male,ssawarddf,ssawarddf@yolasite.com,Sierra Nevada College,Finnish
485,Dyanne,Sollas,Female,dsollasdg,dsollasdg@army.mil,Universitas Kristen Petra,Burmese
486,Garrott,Brixey,Male,gbrixeydh,gbrixeydh@paypal.com,Drury College,Bislama
487,Ulises,MacNeish,Male,umacneishdi,umacneishdi@desdev.cn,University of Hawaii - Manoa,New Zealand Sign Language
488,Ansley,Brayne,Female,abraynedj,abraynedj@wufoo.com,Universiti Tunku Abdul Rahman,Sotho
489,Theobald,Dumbleton,Male,tdumbletondk,tdumbletondk@businesswire.com,Singapore Management University,Gagauz
490,Margaretha,Eicke,Female,meickedl,meickedl@soundcloud.com,University of Kurdistan - Hawler,Korean
491,Cherish,Priter,Agender,cpriterdm,cpriterdm@icq.com,Université de Kinshasa,Tsonga
492,Kamillah,Bridle,Female,kbridledn,kbridledn@networkadvertising.org,Technological University (Sittwe),Swahili
493,Ebba,Crafts,Female,ecraftsdo,ecraftsdo@mediafire.com,University of Chester,Quechua
494,Ashbey,Wylie,Male,awyliedp,awyliedp@uiuc.edu,Sido Kanhu Murmu University,Albanian
495,Ilaire,McGurn,Male,imcgurndq,imcgurndq@geocities.com,Naval Postgraduate School,Malayalam
496,Bent,Twentyman,Male,btwentymandr,btwentymandr@yandex.ru,Ateneo de Davao University,Sotho
497,Elisha,Penddreth,Male,ependdrethds,ependdrethds@apple.com,Sugino Women's College,Bengali
498,Micheil,Coolican,Bigender,mcoolicandt,mcoolicandt@google.com.hk,Technical University of Radom,Dhivehi
499,Ruthe,Loosemore,Female,rloosemoredu,rloosemoredu@123-reg.co.uk,Hood College,Japanese
500,Mordecai,Petrishchev,Male,mpetrishchevdv,mpetrishchevdv@livejournal.com,Alfred Adler Graduate School,Zulu
501,Jenni,Woodworth,Female,jwoodworthdw,jwoodworthdw@umich.edu,Universidad Latinoamericana de Ciencia y Tecnología,Icelandic
502,Livvyy,Rawsthorne,Female,lrawsthornedx,lrawsthornedx@japanpost.jp,Fachhochschule Oldenburg/Ostfriesland/Wilhelmshaven,Gujarati
503,Stanley,Shovell,Male,sshovelldy,sshovelldy@un.org,University of the Incarnate World,Malay
504,Flint,Gerckens,Male,fgerckensdz,fgerckensdz@irs.gov,"Royal Danish Academy of Fine Arts, School of Visual Art",Persian
505,Rorke,Lown,Male,rlowne0,rlowne0@feedburner.com,Hamamatsu University,Swedish
506,Lewie,Keach,Male,lkeache1,lkeache1@woothemes.com,Postgraduate lnstitute of Medical Education and Research,Czech
507,Kile,Gallego,Genderfluid,kgallegoe2,kgallegoe2@whitehouse.gov,Tyumen State Agricultural Academy,Somali
508,Gusella,Weyland,Female,gweylande3,gweylande3@networkadvertising.org,Sojourner-Douglass College,Hebrew
509,Devondra,Dodworth,Bigender,ddodworthe4,ddodworthe4@hc360.com,The College of Westchester,New Zealand Sign Language
510,Myranda,Scottrell,Female,mscottrelle5,mscottrelle5@ucoz.ru,Thomas A. Edison State College,Marathi
511,Quinn,MacGilrewy,Male,qmacgilrewye6,qmacgilrewye6@macromedia.com,Institute of Space Technology,Kyrgyz
512,Angeline,Dmitrichenko,Female,admitrichenkoe7,admitrichenkoe7@instagram.com,Technological Education Institute of Kavala,Tok Pisin
513,Kerri,Feye,Female,kfeyee8,kfeyee8@google.ca,Ecole Nationale Supérieure des Mines de Douai,Papiamento
514,Thorpe,Infantino,Agender,tinfantinoe9,tinfantinoe9@phpbb.com,"Islamic Azad University, Varamin",Polish
515,Kim,Schiesterl,Female,kschiesterlea,kschiesterlea@163.com,Business and Hotel Management School,Moldovan
516,Candice,Chiswell,Female,cchiswelleb,cchiswelleb@purevolume.com,Ecole Nationale Supérieure d'Ingénieurs en Mécanique et Energétique de Valenciennes,Bengali
517,Corey,Wickstead,Male,cwicksteadec,cwicksteadec@plala.or.jp,St. Anselm College,Ndebele
518,Gavrielle,Josum,Female,gjosumed,gjosumed@usgs.gov,Universidad del Tolima,Bulgarian
519,Baldwin,Gumb,Agender,bgumbee,bgumbee@utexas.edu,Berklee College of Music,Luxembourgish
520,Ulla,Staddom,Female,ustaddomef,ustaddomef@bloomberg.com,Moldova Cooperative Trade University,Czech
521,Marice,Conniam,Genderqueer,mconniameg,mconniameg@cmu.edu,Rana Institute of Higher Education,Czech
522,Aindrea,Pauleau,Genderfluid,apauleaueh,apauleaueh@uol.com.br,Central Institute of English and Foreign Languages,Hebrew
523,Wernher,Beckham,Male,wbeckhamei,wbeckhamei@ted.com,Mara Poly-Tech College,Lithuanian
524,Chancey,Aves,Male,cavesej,cavesej@wisc.edu,Islamic University of Gaza,Latvian
525,Mordy,Maddinon,Male,mmaddinonek,mmaddinonek@harvard.edu,"Monash University, Malaysia Campus",Oriya
526,Court,Hackett,Male,chackettel,chackettel@ibm.com,Wollo University,Dutch
527,Cherri,Bowfin,Female,cbowfinem,cbowfinem@jugem.jp,Universiti Sultan Zainal Abidin,Georgian
528,Raine,Kerswell,Female,rkerswellen,rkerswellen@ibm.com,"Royal Academy of Music, University of London",Spanish
529,Oates,Steger,Male,ostegereo,ostegereo@privacy.gov.au,Novosibirsk State Music Academy M. Glinka,Finnish
530,Carolan,Le Friec,Female,clefriecep,clefriecep@indiatimes.com,Ghana Christian University College,Yiddish
531,Livvy,Stealfox,Bigender,lstealfoxeq,lstealfoxeq@yelp.com,Lewis-Clark State College,Tetum
532,Karlen,Anney,Female,kanneyer,kanneyer@businessinsider.com,University of Dongola,Quechua
533,Erastus,Giurio,Male,egiurioes,egiurioes@sciencedirect.com,Universidad Autónoma de Guerrero,Tsonga
534,Norry,Preston,Female,nprestonet,nprestonet@noaa.gov,Université de N'Djamena,French
535,Germain,Sarton,Female,gsartoneu,gsartoneu@vistaprint.com,Université de Sidi-Bel-Abbès (Djillali Liabès),Gagauz
536,Vern,McMillan,Male,vmcmillanev,vmcmillanev@tumblr.com,"St.Patrick's International College, London",Quechua
537,Delano,Oswal,Male,doswalew,doswalew@xing.com,Eastern Illinois University,Zulu
538,Miguel,Cubbinelli,Male,mcubbinelliex,mcubbinelliex@cargocollective.com,Pontifícia Universidade Católica do Rio Grande do Sul,Fijian
539,Minnnie,Roget,Female,mrogetey,mrogetey@howstuffworks.com,Lipeck State Technical University,Bulgarian
540,Jacynth,Darington,Bigender,jdaringtonez,jdaringtonez@wufoo.com,"Universidad de Puerto Rico, Humacao",Yiddish
541,Clark,Dongles,Male,cdonglesf0,cdonglesf0@unesco.org,National Institute of Development Administration,Japanese
542,Raquela,Halse,Female,rhalsef1,rhalsef1@soundcloud.com,"University of Asia Pacific, Dhanmondi",Kannada
543,Barn,Blaby,Male,bblabyf2,bblabyf2@gizmodo.com,Northwestern College St. Paul,Czech
544,Christoph,Wye,Male,cwyef3,cwyef3@reuters.com,Nnamdi Azikiwe University,Assamese
545,Jeni,Cabrara,Female,jcabraraf4,jcabraraf4@blogger.com,Michigan School of Professional Psychology,Hiri Motu
546,Brnaby,Parrish,Male,bparrishf5,bparrishf5@ted.com,Universidade Bandeirante de São Paulo,Finnish
547,Dall,Blodg,Male,dblodgf6,dblodgf6@uol.com.br,Gurukula Kangri University,Luxembourgish
548,Douglas,Sunnex,Male,dsunnexf7,dsunnexf7@domainmarket.com,Ecole Française de Papeterie et des Industries Graphiques,Yiddish
549,Jdavie,Chstney,Male,jchstneyf8,jchstneyf8@twitpic.com,Universidad México Internacional,Fijian
550,Matty,Kowalik,Male,mkowalikf9,mkowalikf9@amazonaws.com,Universiti Tun Abdul Razak,Dutch
551,Cecilia,Bridle,Agender,cbridlefa,cbridlefa@upenn.edu,National Taiwan College of Arts,Danish
552,Jackquelin,De Winton,Female,jdewintonfb,jdewintonfb@behance.net,People's University of Bangladesh,Gujarati
553,Tybie,Juschke,Female,tjuschkefc,tjuschkefc@squarespace.com,University of British Columbia,Telugu
554,Kristien,Matzeitis,Female,kmatzeitisfd,kmatzeitisfd@deviantart.com,Universidad de León,Tok Pisin
555,Millicent,Langshaw,Female,mlangshawfe,mlangshawfe@lycos.com,University of Maryland Eastern Shore,Romanian
556,Vere,Pearle,Female,vpearleff,vpearleff@github.com,Peace College,Sotho
557,Garvin,Scoyles,Male,gscoylesfg,gscoylesfg@microsoft.com,Drake University,Northern Sotho
558,Elberta,Zellmer,Female,ezellmerfh,ezellmerfh@nyu.edu,Universitas Sarjanawiyata Tamansiswa,Tswana
559,Reece,Zuppa,Male,rzuppafi,rzuppafi@toplist.cz,Swami Ramanand Teerth Marathwada University,Italian
560,Giulia,Shalliker,Female,gshallikerfj,gshallikerfj@nba.com,Escuela de Arquitectura y Diseño,Thai
561,Wally,Iacoboni,Non-binary,wiacobonifk,wiacobonifk@bbc.co.uk,Bryn Athyn College of the New Church,Lithuanian
562,Currie,McCullouch,Male,cmccullouchfl,cmccullouchfl@live.com,Universidad de Ciencias y Humanidades,Papiamento
563,Gilbertina,Grieswood,Female,ggrieswoodfm,ggrieswoodfm@senate.gov,Facultés Universitaires Catholiques de Mons,Gagauz
564,Nathanial,Haston,Male,nhastonfn,nhastonfn@nationalgeographic.com,Calumet College of St. Joseph,Hiri Motu
565,Roddy,Klemz,Male,rklemzfo,rklemzfo@google.com.hk,Saint Louis University,Quechua
566,Chan,Scay,Male,cscayfp,cscayfp@bandcamp.com,Marlboro College,French
567,Hansiain,Marchant,Male,hmarchantfq,hmarchantfq@samsung.com,Paul University,Telugu
568,Zorana,Blinde,Female,zblindefr,zblindefr@fda.gov,Hillsdale College,Gujarati
569,Tabina,Dettmar,Female,tdettmarfs,tdettmarfs@skype.com,University College of Borås,Dhivehi
570,Westleigh,Raden,Male,wradenft,wradenft@wisc.edu,École des Hautes Études Commerciales,Azeri
571,Araldo,Tesmond,Male,atesmondfu,atesmondfu@zdnet.com,Saitama University,Korean
572,Hendrik,Calderhead,Male,hcalderheadfv,hcalderheadfv@imageshack.us,Kookmin University,Mongolian
573,Giovanni,Mather,Male,gmatherfw,gmatherfw@cdc.gov,Lancaster University Ghana,Dari
574,Humfrey,Simonnet,Bigender,hsimonnetfx,hsimonnetfx@sina.com.cn,Hartwick College,Irish Gaelic
575,Pavel,Bantick,Male,pbantickfy,pbantickfy@elegantthemes.com,Kanazawa University,English
576,Ciro,Dilks,Male,cdilksfz,cdilksfz@google.co.uk,Union College,Somali
577,Quintana,Temporal,Female,qtemporalg0,qtemporalg0@patch.com,Bhavnagar University,New Zealand Sign Language
578,Malvin,Chaudret,Male,mchaudretg1,mchaudretg1@blogspot.com,Universiti Kuala Lumpur,Khmer
579,Dyana,Ives,Polygender,divesg2,divesg2@soup.io,University of Chicago,New Zealand Sign Language
580,Giselbert,Flieg,Male,gfliegg3,gfliegg3@artisteer.com,Near East School of Theology,Quechua
581,Kimberlee,Isson,Female,kissong4,kissong4@desdev.cn,University of Northeastern Philippines,Kyrgyz
582,Jud,MacDougal,Male,jmacdougalg5,jmacdougalg5@wordpress.org,University of Essex,Albanian
583,Auberon,Windress,Male,awindressg6,awindressg6@bigcartel.com,McKendree College,Finnish
584,Leupold,Conner,Male,lconnerg7,lconnerg7@indiatimes.com,University of Texas Health Center at Tyler,Malayalam
585,Moe,Gallacher,Male,mgallacherg8,mgallacherg8@mapy.cz,Universitas Jenderal Soedirman,Greek
586,Freeman,Chyuerton,Male,fchyuertong9,fchyuertong9@meetup.com,Auburn University at Montgomery,Zulu
587,Morten,Exroll,Male,mexrollga,mexrollga@woothemes.com,Logistics Engineering University of PLA,Malagasy
588,Isidro,Longdon,Polygender,ilongdongb,ilongdongb@privacy.gov.au,Institute of Paper Science and Technology,Czech
589,Jourdain,Vatini,Male,jvatinigc,jvatinigc@samsung.com,Toho University,Dari
590,Luce,Bellringer,Male,lbellringergd,lbellringergd@over-blog.com,Ubonratchathani University,Māori
591,Rubetta,Nansom,Female,rnansomge,rnansomge@wsj.com,Kyushu Tokai University,Punjabi
592,Shaun,Cowely,Female,scowelygf,scowelygf@oaic.gov.au,Beppu University,Pashto
593,Jabez,Markos,Male,jmarkosgg,jmarkosgg@example.com,Université des Antilles et de la Guyane,Māori
594,Cos,Cavan,Genderqueer,ccavangh,ccavangh@cbsnews.com,Deen Dayal Upadhyay Gorakhpur University,Danish
595,Mac,Vigers,Male,mvigersgi,mvigersgi@linkedin.com,Ecole Nationale Supérieure des Industries Chimiques de Nancy,Fijian
596,Lorenza,Dutteridge,Female,ldutteridgegj,ldutteridgegj@1und1.de,Damascus University,Dutch
597,Nerte,MacCafferky,Female,nmaccafferkygk,nmaccafferkygk@hao123.com,"Tecnologico de Baja California, Universidad",Maltese
598,Westleigh,Bullivent,Genderfluid,wbulliventgl,wbulliventgl@japanpost.jp,Medical University Plovdiv,Persian
599,Timmie,Nesbeth,Male,tnesbethgm,tnesbethgm@baidu.com,Fontys University of Applied Sciences,Portuguese
600,Enoch,Medcalfe,Male,emedcalfegn,emedcalfegn@google.cn,Cheju National University of Education,Montenegrin
601,Abbe,McCafferky,Male,amccafferkygo,amccafferkygo@spotify.com,Moscow State University of Ecological Engineering,Italian
602,Brigg,Bruty,Male,bbrutygp,bbrutygp@fotki.com,University of Switzerland,Montenegrin
603,Lelah,Cancellor,Female,lcancellorgq,lcancellorgq@msu.edu,Miyazaki Prefectural Nursing University,Tetum
604,Morgana,McKelvey,Female,mmckelveygr,mmckelveygr@bravesites.com,University Institute of Architecture Venice,Finnish
605,Alison,Yellowlee,Female,ayellowleegs,ayellowleegs@i2i.jp,Wakayama Medical College,Amharic
606,Stefa,Marjanovic,Female,smarjanovicgt,smarjanovicgt@parallels.com,University of Engineering and Technology Peshawar,Kazakh
607,Kathy,Elijahu,Female,kelijahugu,kelijahugu@facebook.com,Rhode Island College,Amharic
608,Matias,Pfeiffer,Male,mpfeiffergv,mpfeiffergv@globo.com,University of Jinan,Icelandic
609,Kahlil,Boshier,Male,kboshiergw,kboshiergw@army.mil,"Universidad Salvadorena ""Alberto Masferrer""",Korean
610,Georgie,Blenkinsopp,Male,gblenkinsoppgx,gblenkinsoppgx@photobucket.com,Far Eastern State University,French
611,Zorina,Ruttgers,Female,zruttgersgy,zruttgersgy@networkadvertising.org,American University of Middle East,Tajik
612,Hinda,Bertot,Female,hbertotgz,hbertotgz@hugedomains.com,"European University, Athens Campus",Tajik
613,Karlie,Warlow,Female,kwarlowh0,kwarlowh0@youtu.be,University of Cagayan Valley,Dhivehi
614,Coriss,Knath,Genderfluid,cknathh1,cknathh1@chicagotribune.com,University of Zenica,Persian
615,Bail,Momford,Male,bmomfordh2,bmomfordh2@nps.gov,Toyama Medical and Pharmaceutical University,Lao
616,Rollie,Klimkov,Male,rklimkovh3,rklimkovh3@livejournal.com,National Cheng Kung University,Hindi
617,Sampson,Edgley,Male,sedgleyh4,sedgleyh4@fastcompany.com,Riga Technical University,Arabic
618,Judy,Fennessy,Female,jfennessyh5,jfennessyh5@sitemeter.com,Fachhochschule Gießen-Friedberg,Dari
619,Benny,Major,Female,bmajorh6,bmajorh6@deviantart.com,Universidad de Vigo,Icelandic
620,Bonnibelle,Galvin,Female,bgalvinh7,bgalvinh7@topsy.com,Seoul City University,English
621,Averil,Colbourne,Male,acolbourneh8,acolbourneh8@timesonline.co.uk,University of Oradea,Dutch
622,Geralda,Gatcliff,Female,ggatcliffh9,ggatcliffh9@spotify.com,Winona State University,Dzongkha
623,Davina,Guillou,Female,dguillouha,dguillouha@tamu.edu,Altai State University,Tok Pisin
624,Burty,Maddin,Male,bmaddinhb,bmaddinhb@ezinearticles.com,Springfield College,Danish
625,Lidia,Shreeves,Female,lshreeveshc,lshreeveshc@yellowbook.com,Universidad Autónoma del Noreste,German
626,Tess,Pasterfield,Female,tpasterfieldhd,tpasterfieldhd@ftc.gov,Angeles University,Tamil
627,Artie,Little,Male,alittlehe,alittlehe@de.vu,Pontificia Universidad Catolica de Puerto Rico,Fijian
628,Daphene,Fadell,Female,dfadellhf,dfadellhf@google.co.jp,Amity University,Khmer
629,Leo,Kollatsch,Male,lkollatschhg,lkollatschhg@sitemeter.com,Tokyo University of Pharmacy and Life Science,Guaraní
630,Penny,Ilyinski,Bigender,pilyinskihh,pilyinskihh@discovery.com,American University of Kuwait ,Hindi
631,Jesus,Grogono,Male,jgrogonohi,jgrogonohi@macromedia.com,University of Lagos,Filipino
632,Rinaldo,Spatarul,Male,rspatarulhj,rspatarulhj@addthis.com,Hendrix College,Macedonian
633,Cristal,Fotheringham,Female,cfotheringhamhk,cfotheringhamhk@tinyurl.com,Universidad Autónoma Metropolitana - Azcapotzalco,Greek
634,Sonnnie,Boardman,Female,sboardmanhl,sboardmanhl@wikimedia.org,Szent István University,Greek
635,Bradney,Alsina,Male,balsinahm,balsinahm@fc2.com,Universidad del Cauca,Romanian
636,Maryl,Niccolls,Non-binary,mniccollshn,mniccollshn@storify.com,Universität der Bundeswehr München,Macedonian
637,Korry,Jeays,Female,kjeaysho,kjeaysho@icio.us,Université Blaise Pascal (Clermont-Ferrand II),Tsonga
638,Nicola,Liddard,Female,nliddardhp,nliddardhp@drupal.org,Gorno-Altaisk State University,Hebrew
639,Horace,Ebi,Male,hebihq,hebihq@fema.gov,Moscow State Institute of International Relations MFA Russia (MGIMO-University),Chinese
640,Walsh,Meriel,Male,wmerielhr,wmerielhr@ning.com,Rochester College,Norwegian
641,Yoshi,Belamy,Female,ybelamyhs,ybelamyhs@tripod.com,University of Shiga Prefecture,Afrikaans
642,Berget,Fayer,Genderfluid,bfayerht,bfayerht@marketwatch.com,Huron University,Nepali
643,Debora,Doles,Female,ddoleshu,ddoleshu@slate.com,Phillips University,Maltese
644,Shepperd,Lilleyman,Male,slilleymanhv,slilleymanhv@devhub.com,St. Elizabeth’s College of Health and Social Sciences in Bratislava,Albanian
645,Isabelle,Sharrock,Female,isharrockhw,isharrockhw@opera.com,University of East Asia,Malayalam
646,Wylma,Fairbanks,Female,wfairbankshx,wfairbankshx@ezinearticles.com,"University for Information Science and Technology  ""St. Paul The Apostle"" ",Maltese
647,Sigismond,Alves,Male,salveshy,salveshy@purevolume.com,International University of Sarajevo,Mongolian
648,Kara-lynn,Cough,Female,kcoughhz,kcoughhz@java.com,Université Chouaib Doukkali,Azeri
649,Lu,Winterbottom,Female,lwinterbottomi0,lwinterbottomi0@usa.gov,Calvary Bible College,Thai
650,Berke,Carvil,Male,bcarvili1,bcarvili1@1und1.de,Universidad Autónoma de Santa Ana,Greek
651,Latrina,Killby,Non-binary,lkillbyi2,lkillbyi2@nbcnews.com,Fukuoka Dental College,Belarusian
652,Tod,McElree,Male,tmcelreei3,tmcelreei3@last.fm,Huazhong Agricultural University,Kyrgyz
653,Una,Inott,Female,uinotti4,uinotti4@forbes.com,University of Applied Sciences Solothurn Northwestern Switzerland,Hiri Motu
654,Maximilien,Vineall,Male,mvinealli5,mvinealli5@typepad.com,"Schiller International University, Strasbourg",New Zealand Sign Language
655,Kattie,Dommersen,Female,kdommerseni6,kdommerseni6@ameblo.jp,Universitas Nasional Pasim,Oriya
656,Walt,Sallans,Male,wsallansi7,wsallansi7@sfgate.com,Seinan Gakuin University,Afrikaans
657,Wolfgang,Casol,Male,wcasoli8,wcasoli8@behance.net,University of Kragujevac,Japanese
658,Bord,D'Abbot-Doyle,Male,bdabbotdoylei9,bdabbotdoylei9@elpais.com,Universitas Ngurah Rai,Tswana
659,Hamish,McKimmey,Bigender,hmckimmeyia,hmckimmeyia@zimbio.com,Luzhou Medical College,Lithuanian
660,Lou,Gaskal,Non-binary,lgaskalib,lgaskalib@ihg.com,Université des Sciences et Technologies de Lille (Lille I),Yiddish
661,Susi,Tabourin,Female,stabourinic,stabourinic@xrea.com,Ecole Nationale Supérieure du Pétrole et des Monteurs,Oriya
662,Daveen,Rooney,Female,drooneyid,drooneyid@plala.or.jp,Florida Institute of Technology,Swedish
663,Therine,Ryley,Female,tryleyie,tryleyie@arizona.edu,Nara University,Marathi
664,Odie,Stollen,Male,ostollenif,ostollenif@about.me,Instituto Nacional de Matemática Pura e Aplicada - IMPA,German
665,Glen,Shurmer,Agender,gshurmerig,gshurmerig@live.com,University of Mary Hardin-Baylor,Telugu
666,Morna,Lethcoe,Female,mlethcoeih,mlethcoeih@mysql.com,St. Marianna University School of Medicine,Arabic
667,Althea,Greenaway,Female,agreenawayii,agreenawayii@mashable.com,Kagoshima University,Indonesian
668,Josephina,Burchall,Female,jburchallij,jburchallij@mapquest.com,Arellano University,Punjabi
669,Chantal,Brounsell,Female,cbrounsellik,cbrounsellik@theatlantic.com,Necmettin Erbakan University,Guaraní
670,Omar,Jesper,Male,ojesperil,ojesperil@sun.com,Shanmugha Arts Science Technology and Research Academy,Italian
671,Samson,Bodle,Male,sbodleim,sbodleim@berkeley.edu,International Institute for Higher Education,Mongolian
672,Leicester,Moulsdale,Male,lmoulsdalein,lmoulsdalein@bbb.org,Universidade da Beira Interior,Somali
673,Baillie,Lukash,Bigender,blukashio,blukashio@a8.net,Shizuoka Sangyo University,Korean
674,Colman,Anstee,Male,cansteeip,cansteeip@dion.ne.jp,"University of Moncton, Edmundston",Marathi
675,Carmencita,Cubbin,Female,ccubbiniq,ccubbiniq@weibo.com,Kuala Terengganu City Polytechnic,Lao
676,Edee,Wooster,Female,ewoosterir,ewoosterir@wikispaces.com,"Rochester Institute of Technology, Dubai",Italian
677,Orlan,Trent,Male,otrentis,otrentis@umn.edu,University of Medicine and Pharmacy of Cluj-Napoca,Burmese
678,Reeva,Ridde,Female,rriddeit,rriddeit@google.de,Arab Open University,Tamil
679,Hadria,Pallent,Female,hpallentiu,hpallentiu@ebay.com,Indiana University-Purdue University at Fort Wayne,Malayalam
680,Milli,Knapp,Female,mknappiv,mknappiv@gnu.org,Universitas Slamet Riyadi Surakarta,Chinese
681,Eadith,Oluwatoyin,Female,eoluwatoyiniw,eoluwatoyiniw@toplist.cz,Naresuan University,Aymara
682,Quintana,Gyorgy,Agender,qgyorgyix,qgyorgyix@hexun.com,Kurdistan University of Medical Sciences,Bengali
683,Mufi,Eade,Female,meadeiy,meadeiy@fema.gov,Mills Grae University,Kannada
684,Bird,Fratczak,Female,bfratczakiz,bfratczakiz@github.com,Pontificia Universidad Católica del Perú,Kannada
685,Woodman,Gosson,Male,wgossonj0,wgossonj0@dion.ne.jp,Syrian Virtual University,Assamese
686,Otto,Garforth,Male,ogarforthj1,ogarforthj1@lycos.com,Universitas Darma Persada,Telugu
687,Bert,McCurrie,Female,bmccurriej2,bmccurriej2@soundcloud.com,Moshi University College of Cooperative and Business Studies,Kazakh
688,Brena,Kopke,Female,bkopkej3,bkopkej3@taobao.com,University of Sri Jayawardenapura,Bislama
689,Chaunce,Knatt,Male,cknattj4,cknattj4@unc.edu,Odessa State Medical University,Irish Gaelic
690,Kissiah,Rodear,Female,krodearj5,krodearj5@fc2.com,Université Jean Moulin (Lyon III),Thai
691,Sheree,Blacklock,Female,sblacklockj6,sblacklockj6@sun.com,Universidad Iberoamericana de Ciencia y Tecnologia,Tsonga
692,Phylys,Yashunin,Female,pyashuninj7,pyashuninj7@vk.com,Our Lady of the Lake University,Gagauz
693,Addie,Gilhool,Male,agilhoolj8,agilhoolj8@prnewswire.com,Cedarville College,Malagasy
694,Filbert,Leavold,Male,fleavoldj9,fleavoldj9@prnewswire.com,United States Merchant Marine Academy,Azeri
695,Tyler,Grieger,Male,tgriegerja,tgriegerja@example.com,East Tennessee State University,Czech
696,Hurley,Aronov,Male,haronovjb,haronovjb@qq.com,New Era University,Tetum
697,Nikolai,Sucre,Male,nsucrejc,nsucrejc@opera.com,Augustana University College,West Frisian
698,Alberik,Domican,Male,adomicanjd,adomicanjd@yandex.ru,Université Ez-Zitouna,Croatian
699,Matteo,Buard,Male,mbuardje,mbuardje@cpanel.net,Showa Women's University,Macedonian
700,Aurelia,Lumby,Female,alumbyjf,alumbyjf@blogtalkradio.com,Alcorn State University,Somali
701,Johanna,Rhubottom,Agender,jrhubottomjg,jrhubottomjg@wikipedia.org,Université Quisqueya,Malayalam
702,Susannah,Heinreich,Female,sheinreichjh,sheinreichjh@dropbox.com,Universidad Casa Grande,Polish
703,Rowan,Maunton,Male,rmauntonji,rmauntonji@baidu.com,"Institute of Management Sciences, Peshawar",Malay
704,Hailee,Axtell,Female,haxtelljj,haxtelljj@weather.com,Tunku Abdul Rahman Chinese College,Montenegrin
705,Katine,Dicky,Agender,kdickyjk,kdickyjk@mac.com,Macon State College,Telugu
706,Celeste,Byas,Female,cbyasjl,cbyasjl@sakura.ne.jp,Université Bordeaux I,Tetum
707,Dun,Loyd,Male,dloydjm,dloydjm@google.com.hk,Higher School o Business/National Louis University(WSB/NLU) in Nowy Sacz,Dari
708,Jeremy,Van der Linde,Male,jvanderlindejn,jvanderlindejn@springer.com,Shridhar University,Tetum
709,Sula,Moberley,Female,smoberleyjo,smoberleyjo@walmart.com,Universidad Autónoma de Centro América,Greek
710,Mickie,Menichini,Male,mmenichinijp,mmenichinijp@patch.com," Akanu Ibiam Federal Polytechnic, Unwana",Malay
711,Pepillo,Van Arsdalen,Male,pvanarsdalenjq,pvanarsdalenjq@cmu.edu,"American University of Hawaii, Punjab Campus",Norwegian
712,Nap,Pittel,Male,npitteljr,npitteljr@sciencedaily.com,Christopher Newport University,Icelandic
713,Kelsy,Nunnery,Female,knunneryjs,knunneryjs@odnoklassniki.ru,Universidad Autónoma Juan Misael Saracho,Sotho
714,Odell,Tennet,Male,otennetjt,otennetjt@mit.edu,Chernivci National University,Guaraní
715,Appolonia,Lewty,Female,alewtyju,alewtyju@google.co.jp,"CollegeAmerica, Denver",Indonesian
716,Starlin,Coumbe,Female,scoumbejv,scoumbejv@blogspot.com,Guilan University of Medical Sciences,Kashmiri
717,Shepard,Paute,Male,spautejw,spautejw@unc.edu,Paul University,Bengali
718,Tammy,Jurn,Male,tjurnjx,tjurnjx@themeforest.net,Université de Tunis,Hiri Motu
719,Burr,Nannetti,Male,bnannettijy,bnannettijy@stumbleupon.com,Samuel Merritt College,Malay
720,Orly,Bucknall,Female,obucknalljz,obucknalljz@delicious.com,Franklin College,Sotho
721,Klaus,Olsson,Male,kolssonk0,kolssonk0@adobe.com,University of Genoa,Guaraní
722,Joli,Peppard,Female,jpeppardk1,jpeppardk1@topsy.com,University of Veterinary Science,Finnish
723,Drona,Kirtland,Female,dkirtlandk2,dkirtlandk2@sourceforge.net,Hochschule für Jüdische Studien Heidelberg,Tamil
724,Bernardo,Beese,Male,bbeesek3,bbeesek3@merriam-webster.com,Universidad Autónoma de Guadalajara,Persian
725,Lewes,Spurge,Male,lspurgek4,lspurgek4@blog.com,Honam University,Dutch
726,Silvan,Vatini,Male,svatinik5,svatinik5@prnewswire.com,Universidade Vale do Paraiba,Kazakh
727,Trude,Deackes,Female,tdeackesk6,tdeackesk6@ucoz.ru,University of Massachusetts at Boston,Dari
728,Titos,Ashman,Male,tashmank7,tashmank7@friendfeed.com,Himeji Dokkyo University,Gagauz
729,Gregory,Aylett,Male,gaylettk8,gaylettk8@theatlantic.com,Ecole Nationale Supérieure de Physique de Grenoble,Filipino
730,Bartie,Tibalt,Male,btibaltk9,btibaltk9@blinklist.com,Jagiellonian University Cracow,Catalan
731,Gar,Tamblyn,Male,gtamblynka,gtamblynka@godaddy.com,Universitas Muhammadiyah Jakarta,Haitian Creole
732,Riane,Jurewicz,Genderqueer,rjurewiczkb,rjurewiczkb@elpais.com,Sunchon National University,Norwegian
733,Killy,Jardin,Male,kjardinkc,kjardinkc@nps.gov,Hai Duong University,Italian
734,Timothee,Woolner,Male,twoolnerkd,twoolnerkd@nifty.com,University of Northern British Columbia,Swedish
735,Cayla,Staynes,Female,cstayneske,cstayneske@booking.com,State University of New York Downstate Medical Center,Dzongkha
736,Raddy,Greenan,Male,rgreenankf,rgreenankf@barnesandnoble.com,Tokyo College of Music,Estonian
737,Kaia,Fessler,Female,kfesslerkg,kfesslerkg@reddit.com,University of the Immaculate Conception,Lithuanian
738,Ivett,Turley,Female,iturleykh,iturleykh@creativecommons.org,Royal Military Academy,Khmer
739,Garrott,Aizik,Male,gaizikki,gaizikki@w3.org,La Trobe University,Korean
740,Wendel,Errowe,Male,werrowekj,werrowekj@vkontakte.ru,Azerbaijan Medical University,Chinese
741,Waneta,Leachman,Female,wleachmankk,wleachmankk@spiegel.de,National Sanskrit University,Bosnian
742,Rolph,Sokill,Male,rsokillkl,rsokillkl@facebook.com,Instituto Tecnológico de Aguascalientes,Malagasy
743,Marlie,Verheyden,Female,mverheydenkm,mverheydenkm@pcworld.com,Masdar University Of Science And Technology,Dutch
744,Cecilla,Fransman,Female,cfransmankn,cfransmankn@mashable.com,Universidad Autonoma Monterrey,Papiamento
745,Durand,Boissieux,Male,dboissieuxko,dboissieuxko@who.int,Walla Walla College,Zulu
746,Venita,Jaukovic,Female,vjaukovickp,vjaukovickp@house.gov,Nizhny Novgorod State Technical University,Yiddish
747,Willi,Ordelt,Male,wordeltkq,wordeltkq@meetup.com,Universidad Mariano Egaña,Dari
748,Bradan,Berntsson,Male,bberntssonkr,bberntssonkr@dion.ne.jp,Fushun Petroleum University,Lao
749,Larine,Essam,Female,lessamks,lessamks@marketwatch.com,Inchon National University of Education,Burmese
750,Westleigh,Legging,Agender,wleggingkt,wleggingkt@cyberchimps.com,Virginia Military Institute,Estonian
751,Cash,Dmych,Male,cdmychku,cdmychku@tamu.edu,Escuela de Administración de Negocios,Kyrgyz
752,Harlen,Galliver,Male,hgalliverkv,hgalliverkv@aboutads.info,"Universiteit Antwerpen, UFSIA",Telugu
753,Meade,Stoaks,Male,mstoakskw,mstoakskw@bigcartel.com,University Centre of the Westfjords,Dzongkha
754,Kaitlin,Shaddick,Female,kshaddickkx,kshaddickkx@cmu.edu,Jewish University in Moscow,Hebrew
755,Harald,Pim,Male,hpimky,hpimky@lulu.com,Erasmus University Rotterdam,Papiamento
756,Fionnula,Major,Female,fmajorkz,fmajorkz@jimdo.com,Tashkent Medical Academy,Kazakh
757,Spencer,Kamien,Male,skamienl0,skamienl0@tinypic.com,Jeonju University,Hiri Motu
758,Kristian,Rimell,Male,krimelll1,krimelll1@army.mil,Benemerita Universidad Autónoma de Puebla,Sotho
759,Maryellen,Gounet,Female,mgounetl2,mgounetl2@ycombinator.com,University of Wales College of Medicine,Hindi
760,Gaynor,Carding,Female,gcardingl3,gcardingl3@wix.com,Bangladesh University of Professionals,Latvian
761,Mellicent,Gauntley,Female,mgauntleyl4,mgauntleyl4@instagram.com,Ecole Supérieure d'Electronique de l'Ouest,Lithuanian
762,Marget,Ellph,Female,mellphl5,mellphl5@latimes.com,St. Andrew's University,Kannada
763,Sherwood,Clark,Male,sclarkl6,sclarkl6@examiner.com,University of Chemical Technology and Metallurgy,Malagasy
764,Kary,Gilbart,Female,kgilbartl7,kgilbartl7@friendfeed.com,Sotheby´s Institute of Art - London,Nepali
765,Elset,Zelland,Female,ezellandl8,ezellandl8@utexas.edu,Holy Family College,Romanian
766,Christian,Hayman,Female,chaymanl9,chaymanl9@google.co.uk,Northeastern University,Montenegrin
767,Marna,Hardman,Female,mhardmanla,mhardmanla@naver.com,Hampshire College,Telugu
768,Erminia,Hallatt,Female,ehallattlb,ehallattlb@reverbnation.com,Srinakharinwirot University,French
769,Colly,Jessen,Female,cjessenlc,cjessenlc@washington.edu,Sinai University,Yiddish
770,Woody,Sherwell,Male,wsherwellld,wsherwellld@cocolog-nifty.com,Universitas Pakuan,Georgian
771,Jerry,Choupin,Female,jchoupinle,jchoupinle@gmpg.org,Villa Julie College,Fijian
772,Leupold,Kneel,Polygender,lkneellf,lkneellf@ow.ly,Baker University,Albanian
773,Wake,McIlmorie,Male,wmcilmorielg,wmcilmorielg@mapy.cz,"University of the Netherlands Antilles, Curacao",Persian
774,Alexandrina,Grazier,Female,agrazierlh,agrazierlh@ca.gov,Universität Osnabrück,Irish Gaelic
775,Gordan,Duncan,Male,gduncanli,gduncanli@irs.gov,Sugiyama Jogakuen University,Kyrgyz
776,Lauri,Dowsett,Female,ldowsettlj,ldowsettlj@t-online.de,Dumlupinar University,Dari
777,Kerry,Verzey,Female,kverzeylk,kverzeylk@360.cn,University of New Hampshire,Lao
778,Johnathan,Buske,Male,jbuskell,jbuskell@qq.com,Katholische Universität Eichstätt,Hebrew
779,Wendeline,Stickells,Female,wstickellslm,wstickellslm@sakura.ne.jp,Dubai Medical College for Girls,Malay
780,Janith,Bascomb,Female,jbascombln,jbascombln@usa.gov,International Budo University,Telugu
781,Angelica,Leisk,Female,aleisklo,aleisklo@cornell.edu,Odessa National Maritime Academy,Bosnian
782,Katie,O' Neligan,Female,koneliganlp,koneliganlp@newsvine.com,University of Marketing and Distribution Sciences,Burmese
783,Carla,Borg,Female,cborglq,cborglq@java.com,Assumption College,Tamil
784,Elvin,Briscoe,Non-binary,ebriscoelr,ebriscoelr@google.com.br,Universitas Syiah Kuala,Burmese
785,Halsy,Moodie,Agender,hmoodiels,hmoodiels@uol.com.br,Bukkyo University,Swati
786,Hasheem,Bayne,Male,hbaynelt,hbaynelt@fc2.com,Prague International University,Arabic
787,Daniela,Oddie,Non-binary,doddielu,doddielu@cargocollective.com,Burapha University,Korean
788,Gypsy,Frankowski,Female,gfrankowskilv,gfrankowskilv@about.com,Universidade Estadual de Londrina,Japanese
789,Isobel,Knolles-Green,Female,iknollesgreenlw,iknollesgreenlw@lycos.com,Rheinisch Westfälische Technische Hochschule Aachen,Quechua
790,Nicki,Langfat,Female,nlangfatlx,nlangfatlx@discuz.net,Hochschule Vechta,Azeri
791,Tybie,Tinkler,Female,ttinklerly,ttinklerly@ucsd.edu,Fachhochschule St. Pölten,Malay
792,Nikolia,Husset,Genderqueer,nhussetlz,nhussetlz@alibaba.com,Universidade Federal de Mato Grosso do Sul,German
793,Kalil,Oxborough,Male,koxboroughm0,koxboroughm0@moonfruit.com,College of New Rochelle,Arabic
794,Odelle,Siebart,Female,osiebartm1,osiebartm1@biblegateway.com,Université Laval,Estonian
795,Saloma,Witter,Female,switterm2,switterm2@nsw.gov.au,Okinawa International University,Bulgarian
796,Lavena,Beldan,Female,lbeldanm3,lbeldanm3@house.gov,Wuyi University,Montenegrin
797,Julietta,Prys,Female,jprysm4,jprysm4@slate.com,"DeVry Institute of Technology, DuPage",Irish Gaelic
798,Dallas,Borkin,Female,dborkinm5,dborkinm5@state.tx.us,Southern Connecticut State University,Papiamento
799,Rachael,O'Hengerty,Female,rohengertym6,rohengertym6@parallels.com,Seian University of Art & Design,Pashto
800,Noelyn,Whaplington,Female,nwhaplingtonm7,nwhaplingtonm7@imageshack.us,Ecole Nationale de la Statistique et de l'Administration Economique,Somali
801,Blanca,MacGuffie,Female,bmacguffiem8,bmacguffiem8@noaa.gov,Jordan University of Science and Technology,Swati
802,Delcina,Myers,Female,dmyersm9,dmyersm9@qq.com,Woosuk University,Malayalam
803,Carolina,Greensite,Female,cgreensitema,cgreensitema@nyu.edu,Universitas Komputer Indonesia,Dari
804,Lani,Summerly,Female,lsummerlymb,lsummerlymb@reuters.com,Université de Douala,Hungarian
805,Prisca,Petruszka,Female,ppetruszkamc,ppetruszkamc@google.com.au,Kirchliche Hochschule Wuppertal,Swedish
806,Carlene,Shiel,Female,cshielmd,cshielmd@webeden.co.uk,Poole Gakuin University,Greek
807,Heath,Kilmister,Male,hkilmisterme,hkilmisterme@craigslist.org,Piedmont College,Amharic
808,Parry,Maplestone,Male,pmaplestonemf,pmaplestonemf@paypal.com,American Public University,Kashmiri
809,Tilly,Juste,Female,tjustemg,tjustemg@godaddy.com,Brunswick Community College,Dari
810,Stillman,Frape,Male,sfrapemh,sfrapemh@soundcloud.com,Voorhees College,Estonian
811,Cleveland,Powlett,Male,cpowlettmi,cpowlettmi@about.com,University of North Carolina at Charlotte,Bengali
812,Devan,Hearnshaw,Female,dhearnshawmj,dhearnshawmj@cam.ac.uk,Amman University,Japanese
813,Benedict,Yurocjhin,Male,byurocjhinmk,byurocjhinmk@vimeo.com,College for Financial Planning,Tsonga
814,Gregorius,Crosseland,Male,gcrosselandml,gcrosselandml@bizjournals.com,Moscow State University,German
815,Justis,Tink,Male,jtinkmm,jtinkmm@newsvine.com,International Business School of Scandinavia,Ndebele
816,Craig,Hafford,Male,chaffordmn,chaffordmn@bing.com,New York Medical College,Dhivehi
817,Gonzales,Frossell,Bigender,gfrossellmo,gfrossellmo@xing.com,Segi University College,Tajik
818,Blanch,Wallen,Female,bwallenmp,bwallenmp@smugmug.com,Kermanshah University of Medical Sciences,Hiri Motu
819,Hettie,Nancarrow,Female,hnancarrowmq,hnancarrowmq@va.gov,Valley View University,Czech
820,Sara-ann,Mayell,Female,smayellmr,smayellmr@e-recht24.de,Shridhar University,Quechua
821,Michal,Splaven,Female,msplavenms,msplavenms@mozilla.com,Spelman College,Tetum
822,Emmit,Speak,Male,espeakmt,espeakmt@infoseek.co.jp,Raghebe Esfahani University,Lao
823,Garrard,Gavrieli,Male,ggavrielimu,ggavrielimu@cnet.com,Yasuj University,Portuguese
824,Joline,Putnam,Female,jputnammv,jputnammv@csmonitor.com,Hochschule für Berufstätige Rendsburg,Amharic
825,Felic,Latore,Male,flatoremw,flatoremw@google.co.uk,Hanoi Open University,Kyrgyz
826,Holli,Klimczak,Female,hklimczakmx,hklimczakmx@bloomberg.com,University of Cagliari,Northern Sotho
827,Amii,Winchurch,Female,awinchurchmy,awinchurchmy@epa.gov,Universidad de Belgrano,Somali
828,Nappie,Hastler,Male,nhastlermz,nhastlermz@unblog.fr,Ukrainian National Forestry University,Burmese
829,Eduino,Eastop,Genderfluid,eeastopn0,eeastopn0@gravatar.com,Kerbala University,Maltese
830,Elna,Bunclark,Female,ebunclarkn1,ebunclarkn1@joomla.org,St. Petersburg Repin State Academic Institute of Painting Sculpture and Achitecture,Kurdish
831,Beatrix,Heaven,Female,bheavenn2,bheavenn2@nih.gov,Benadir University,Marathi
832,Timmie,Hinemoor,Female,thinemoorn3,thinemoorn3@reference.com,Tiffin University Prague,Armenian
833,Polly,Lepick,Female,plepickn4,plepickn4@vinaora.com,Husson College,Romanian
834,Nannie,Ashworth,Female,nashworthn5,nashworthn5@cyberchimps.com,Mount Vernon Nazarene College,Ndebele
835,Carroll,Arnison,Male,carnisonn6,carnisonn6@google.pl,Pes University,Northern Sotho
836,Gnni,Ruit,Female,gruitn7,gruitn7@1und1.de,University of Ibadan,Tetum
837,Kristofer,Winsom,Male,kwinsomn8,kwinsomn8@canalblog.com,Yangzhou University,Papiamento
838,Kikelia,Iskov,Female,kiskovn9,kiskovn9@adobe.com,Sultan Haji Ahmad Shah Polytechnic,Thai
839,Devlen,Cutler,Bigender,dcutlerna,dcutlerna@ucoz.ru,Rasmussen College,Filipino
840,Cornela,Plumer,Female,cplumernb,cplumernb@auda.org.au,Nagaland University,Amharic
841,Daveta,Linnock,Female,dlinnocknc,dlinnocknc@zdnet.com,Universidade de Marília,Malagasy
842,Ron,Shuard,Male,rshuardnd,rshuardnd@odnoklassniki.ru,Caleb University,Papiamento
843,Robinette,Lanfare,Female,rlanfarene,rlanfarene@com.com,Nakamura Gakuen University,Japanese
844,Raul,Angrave,Male,rangravenf,rangravenf@digg.com,Ecole Supérieure d'Agriculture d'Angers,Hiri Motu
845,Kippy,Bulpitt,Female,kbulpittng,kbulpittng@themeforest.net,Narendra Deva University of Agriculture and Technology,Assamese
846,Wolfy,Pogg,Male,wpoggnh,wpoggnh@irs.gov,Aleksander Gieysztor School of Humanities in Pultusk,Dari
847,Quinn,Tuckwood,Female,qtuckwoodni,qtuckwoodni@addthis.com,Darul Ulum Islamic College,Catalan
848,Cristal,Scamerden,Female,cscamerdennj,cscamerdennj@dyndns.org,University of South Africa,Catalan
849,Fidel,Erangy,Male,ferangynk,ferangynk@instagram.com,Hatyai University,Gujarati
850,Winni,Rushbrook,Female,wrushbrooknl,wrushbrooknl@alibaba.com,University of Reggio Calabria,Telugu
851,Tremain,Hambridge,Male,thambridgenm,thambridgenm@guardian.co.uk,"National Academy of Music ""Pantcho Vladigerov""",Malayalam
852,Kristien,Margrett,Female,kmargrettnn,kmargrettnn@tripod.com,Universidade de Fortaleza,Swati
853,Letisha,Sweett,Bigender,lsweettno,lsweettno@aol.com,Forest Research Institute Dehradun,Khmer
854,Sidonnie,Tillard,Female,stillardnp,stillardnp@issuu.com,Karaganda State Technical University,Hebrew
855,Aretha,Glide,Female,aglidenq,aglidenq@networksolutions.com,Yazd University,Tsonga
856,Markos,Finlay,Male,mfinlaynr,mfinlaynr@netscape.com,Université de Cergy-Pontoise,Bengali
857,Stanislas,Duley,Male,sduleyns,sduleyns@businessweek.com,West Minster International College,Albanian
858,Christiano,Alkin,Polygender,calkinnt,calkinnt@linkedin.com,MCI-Management Center Innsbruck,Belarusian
859,Harmonie,Vasyunin,Female,hvasyuninnu,hvasyuninnu@arstechnica.com,Air University,Kashmiri
860,Obie,Reignolds,Male,oreignoldsnv,oreignoldsnv@google.nl,University of Alabama - Birmingham,English
861,Mahalia,Bruneau,Female,mbruneaunw,mbruneaunw@lycos.com,Azerbaijan International University,Oriya
862,Ciro,Stichall,Male,cstichallnx,cstichallnx@newyorker.com,University of Tennessee Space Institute,Quechua
863,Reinald,Boulter,Male,rboulterny,rboulterny@ft.com,Quincy University,Macedonian
864,Clarie,Shalcras,Female,cshalcrasnz,cshalcrasnz@deviantart.com,Kanazawa College of Art,Ndebele
865,Pierre,McPartling,Male,pmcpartlingo0,pmcpartlingo0@tuttocitta.it,Fu Jen Catholic University,Mongolian
866,Gaby,Aldwich,Female,galdwicho1,galdwicho1@instagram.com,Dumlupinar University,Catalan
867,Odille,Wycherley,Female,owycherleyo2,owycherleyo2@abc.net.au,Université Catholique de Bukavu,Hebrew
868,Ferd,Featherstonhaugh,Male,ffeatherstonhaugho3,ffeatherstonhaugho3@sitemeter.com,Centre National d'Etudes Agronomiques des Régions Chaudes,Tok Pisin
869,Shawn,Jacob,Male,sjacobo4,sjacobo4@sourceforge.net,University of Agriculture Makurdi,Swedish
870,Corrina,Domingues,Female,cdomingueso5,cdomingueso5@pcworld.com,Nigerian Turkish Nile University,Telugu
871,Emeline,Welbelove,Female,ewelbeloveo6,ewelbeloveo6@vistaprint.com,California College of Podiatric Medicine,French
872,Luci,Pilgrim,Female,lpilgrimo7,lpilgrimo7@slashdot.org,SASTRA Deemed University,Lao
873,Melissa,Roalfe,Female,mroalfeo8,mroalfeo8@disqus.com,Xinjiang University,Georgian
874,D'arcy,Rintoul,Male,drintoulo9,drintoulo9@bigcartel.com,The Illinois Institute of Art-Chicago,Czech
875,Margie,Standrin,Female,mstandrinoa,mstandrinoa@pagesperso-orange.fr,Uttarakhand Open University ,Persian
876,Lauri,Thomasson,Female,lthomassonob,lthomassonob@cocolog-nifty.com,Université de Nantes,Hiri Motu
877,Ilse,Kepe,Female,ikepeoc,ikepeoc@discovery.com,Albany State University,Kyrgyz
878,Ada,Reaman,Female,areamanod,areamanod@shutterfly.com,Angelo State University,West Frisian
879,Wildon,MacDunlevy,Male,wmacdunlevyoe,wmacdunlevyoe@wunderground.com,University of Evansville,Luxembourgish
880,Howard,Burstowe,Male,hburstoweof,hburstoweof@storify.com,Open University Malaysia,Icelandic
881,Gram,Bickerdyke,Male,gbickerdykeog,gbickerdykeog@weather.com,Illinois College of Optometry,Greek
882,Vickie,Baseke,Female,vbasekeoh,vbasekeoh@twitpic.com,Novgorod State University,Moldovan
883,Amargo,Farrimond,Female,afarrimondoi,afarrimondoi@wsj.com,Belmont University,English
884,Garland,Bernot,Female,gbernotoj,gbernotoj@ftc.gov,Universität Dortmund,Kazakh
885,Gail,Girone,Male,ggironeok,ggironeok@nifty.com,The Catholic University of America,Maltese
886,Beret,Gatchell,Female,bgatchellol,bgatchellol@mozilla.org,Graduate School of Business Administration Zurich (GSBA Zurich),Telugu
887,Bronnie,Kingh,Male,bkinghom,bkinghom@printfriendly.com,University of International Business,Persian
888,Yank,Swanne,Male,yswanneon,yswanneon@go.com,University of Southern California,Bulgarian
889,Giles,Larkin,Male,glarkinoo,glarkinoo@mail.ru,Fiji National University ,Oriya
890,Clayborn,Goullee,Male,cgoulleeop,cgoulleeop@umn.edu,Fachhochschule Hof,Tswana
891,Enrique,Di Carlo,Male,edicarlooq,edicarlooq@ow.ly,University of Illinois at Urbana-Champaign,Tajik
892,Addison,Shapcote,Male,ashapcoteor,ashapcoteor@about.me,Benguet State University,Bulgarian
893,Godwin,Coudray,Male,gcoudrayos,gcoudrayos@columbia.edu,"Ecole Nationale Supérieure en Electrotechnique, Electronique, Informatique et Hydraulique de Toulouse",Finnish
894,Eden,Keach,Female,ekeachot,ekeachot@delicious.com,Universidad del Caribe,Sotho
895,Terry,Boyda,Male,tboydaou,tboydaou@fotki.com,Sacred Heart University,Icelandic
896,Marleen,Ludgate,Female,mludgateov,mludgateov@google.it,Arellano University,Tetum
897,Angela,Biggerdike,Female,abiggerdikeow,abiggerdikeow@nih.gov,Université de Bretagne Occidentale,West Frisian
898,Jerrold,Gaddesby,Male,jgaddesbyox,jgaddesbyox@linkedin.com,Royal Melbourne Institute of Technology,Portuguese
899,Shelton,Lilywhite,Male,slilywhiteoy,slilywhiteoy@who.int,Escuela Colombiana de Ingeniería Julio Garavito,Tok Pisin
900,Arney,Douse,Male,adouseoz,adouseoz@baidu.com,"Fachhochschule Konstanz, Hochschule für Technik, Wirtschaft und Gestaltung",Aymara
901,Xylina,Dagon,Polygender,xdagonp0,xdagonp0@reddit.com,University of Central Greece,Greek
902,Arny,Heffer,Male,ahefferp1,ahefferp1@cnn.com,Colorado College,Swahili
903,Cindra,Livingstone,Female,clivingstonep2,clivingstonep2@tumblr.com,Chittagong University of Engineering and Technology,Northern Sotho
904,Carilyn,Moth,Female,cmothp3,cmothp3@wikia.com,Universität Erfurt,Macedonian
905,Elfreda,Barles,Female,ebarlesp4,ebarlesp4@wikia.com,"Ecole Nationale Supérieure en Electrotechnique, Electronique, Informatique et Hydraulique de Toulouse",Guaraní
906,Christalle,Lydall,Polygender,clydallp5,clydallp5@spotify.com,Lakehead University,Finnish
907,Judah,Solomonides,Male,jsolomonidesp6,jsolomonidesp6@google.co.jp,"University of Wales, Swansea",Assamese
908,Faulkner,MacGall,Male,fmacgallp7,fmacgallp7@friendfeed.com,Valley City State University,Luxembourgish
909,Orin,Darrel,Non-binary,odarrelp8,odarrelp8@reverbnation.com,Universitas Bhayangkara Jakarta Raya,Lao
910,Arluene,Chastney,Female,achastneyp9,achastneyp9@toplist.cz,Jigjiga University,Māori
911,Shelba,Grigs,Female,sgrigspa,sgrigspa@utexas.edu,University of Education Hradec Kralove,Malagasy
912,Merv,Ivanisov,Male,mivanisovpb,mivanisovpb@imageshack.us,Ukrainian Academy of Banking,Portuguese
913,Genny,Mazey,Female,gmazeypc,gmazeypc@360.cn,"Hochschule für Bankwirtschaft (HfB), Private Fachhochschule der Bankakademie",Lithuanian
914,Cal,Allday,Male,calldaypd,calldaypd@chicagotribune.com,Universidade Metodista de Piracicaba,Czech
915,Frayda,Devall,Female,fdevallpe,fdevallpe@icq.com,Universitas Islam Indonesia,Romanian
916,Efrem,Boydon,Male,eboydonpf,eboydonpf@diigo.com,Astrahan State Technical University,Spanish
917,Myca,Conigsby,Male,mconigsbypg,mconigsbypg@psu.edu,Umm Al-Qura University,Marathi
918,Fianna,Arnholtz,Genderqueer,farnholtzph,farnholtzph@slashdot.org,"DeVry Institute of Technology, DuPage",Spanish
919,Alva,Twidell,Male,atwidellpi,atwidellpi@hostgator.com,"Shimane University, Faculty of Medicine",Bulgarian
920,Mireielle,Rallinshaw,Female,mrallinshawpj,mrallinshawpj@1688.com,Soran University,Irish Gaelic
921,Keane,Gayler,Male,kgaylerpk,kgaylerpk@so-net.ne.jp,National University,Dutch
922,Liza,Aldous,Female,laldouspl,laldouspl@shutterfly.com,Instituto Tecnológico de Querétaro,Finnish
923,Sisile,Pace,Female,spacepm,spacepm@goodreads.com,Universidad de San Pablo CEU,Malagasy
924,Courtnay,Aldham,Male,caldhampn,caldhampn@vimeo.com,University of South Dakota,Malay
925,Haley,Dracey,Female,hdraceypo,hdraceypo@hibu.com,Kendall College,New Zealand Sign Language
926,Ozzy,Renard,Male,orenardpp,orenardpp@creativecommons.org,Nihon Fukushi University,Assamese
927,Si,Tees,Male,steespq,steespq@buzzfeed.com,North-West State Technical University,Icelandic
928,Christiano,Pfaffel,Male,cpfaffelpr,cpfaffelpr@infoseek.co.jp,College of Technology at Jazan,English
929,Alexio,Habishaw,Male,ahabishawps,ahabishawps@ucsd.edu,Veterinärmedizinische Universität Wien,Japanese
930,Gertie,Sickamore,Female,gsickamorept,gsickamorept@theguardian.com,Colorado Christian University,French
931,Kerr,Bick,Male,kbickpu,kbickpu@washingtonpost.com,Universidad Olmeca,Thai
932,Victor,Questier,Male,vquestierpv,vquestierpv@macromedia.com,Czech University of Agriculture Prague,Catalan
933,Byron,Cashell,Male,bcashellpw,bcashellpw@xing.com,Université Ez-Zitouna,Pashto
934,Marci,Itzkovitch,Female,mitzkovitchpx,mitzkovitchpx@nature.com,Anhui University of Finance and Economics,Hungarian
935,Danny,Hampton,Female,dhamptonpy,dhamptonpy@ed.gov,Kyrgyz Turkish  Manas University,Luxembourgish
936,Nertie,Syphus,Female,nsyphuspz,nsyphuspz@newsvine.com,University of Tromsø,Kannada
937,Terence,Le Pine,Male,tlepineq0,tlepineq0@odnoklassniki.ru,Riyadh College of Dentistry and Pharmacy,Malay
938,Reina,Studdal,Female,rstuddalq1,rstuddalq1@posterous.com,Gifu Pharmaceutical University,Dutch
939,Elle,Chaim,Female,echaimq2,echaimq2@csmonitor.com,Technical University of Mombasa,Macedonian
940,Adamo,Ferrario,Male,aferrarioq3,aferrarioq3@amazon.co.uk,"University of Roma ""Tor Vergata""",Kannada
941,Karel,Tunney,Female,ktunneyq4,ktunneyq4@google.nl,IDRAC (Institut de recherche en action commerciale),Swedish
942,Jaimie,Mityushin,Female,jmityushinq5,jmityushinq5@ca.gov,National University of Food Technologies,German
943,Jodi,Whye,Female,jwhyeq6,jwhyeq6@edublogs.org,Bamenda University of Science & Technology,Moldovan
944,Carrol,Franseco,Genderfluid,cfransecoq7,cfransecoq7@deviantart.com,Ecole Polytechnique,Dhivehi
945,Gifford,Iacovaccio,Male,giacovaccioq8,giacovaccioq8@imageshack.us,Hochschule Magdeburg-Stendal (FH),Irish Gaelic
946,Andy,MacIlhargy,Male,amacilhargyq9,amacilhargyq9@mozilla.com,Fachhochschule Kufstein (Tirol),Czech
947,Abner,Dennis,Male,adennisqa,adennisqa@ebay.com,Shih Hsin University,English
948,Peterus,Petkov,Male,ppetkovqb,ppetkovqb@auda.org.au,"Florida Metropolitan University, Tampa College Brandon",Assamese
949,Davis,French,Male,dfrenchqc,dfrenchqc@reuters.com,Swansea Metropolitan University,Sotho
950,Katrina,Willbond,Female,kwillbondqd,kwillbondqd@github.com,"Institute of Classical Studies, University of London",Luxembourgish
951,Adlai,Beste,Male,abesteqe,abesteqe@rediff.com,San Diego State University,Tswana
952,Warde,Gounot,Male,wgounotqf,wgounotqf@tinypic.com,Phillips Graduate Institute,German
953,Demeter,Huncote,Female,dhuncoteqg,dhuncoteqg@shareasale.com,Eichi University,Chinese
954,Willie,Videan,Male,wvideanqh,wvideanqh@skyrock.com,Universidad Dominicana O&M,Persian
955,Fanny,D'Orsay,Female,fdorsayqi,fdorsayqi@eepurl.com,Tokyo University of Agriculture and Technology,Azeri
956,Valentina,Bern,Agender,vbernqj,vbernqj@blinklist.com,Technical University in Zvolen,Nepali
957,Malynda,Runnett,Genderqueer,mrunnettqk,mrunnettqk@netscape.com,Agricultural University of Szczecin,Catalan
958,Alameda,Marconi,Female,amarconiql,amarconiql@wired.com,Neijiang Teacher University,Gujarati
959,Oliver,Sugar,Male,osugarqm,osugarqm@godaddy.com,Karachi Medical and Dental College,Mongolian
960,Cayla,Megahey,Female,cmegaheyqn,cmegaheyqn@google.pl,Ecole Nationale de l'Aviation Civile,Afrikaans
961,Aigneis,Ickov,Female,aickovqo,aickovqo@home.pl,Meiji University,Kazakh
962,Chery,Hugues,Female,chuguesqp,chuguesqp@patch.com,International University of Health and Welfare,Czech
963,Thoma,McCooke,Genderqueer,tmccookeqq,tmccookeqq@ebay.co.uk,Health sciences University of Mongolia,Latvian
964,Aile,Torns,Female,atornsqr,atornsqr@nbcnews.com,Indian Statistical Institute,Spanish
965,Kipp,Walkingshaw,Male,kwalkingshawqs,kwalkingshawqs@virginia.edu,"Universidad del Norte ""Santo Tomás de Aquino""",Hiri Motu
966,Isador,Strelitzki,Male,istrelitzkiqt,istrelitzkiqt@baidu.com,Pusan University of Foreign Studies,Kannada
967,Clotilda,Wainscot,Female,cwainscotqu,cwainscotqu@stanford.edu,Queensland University of Technology,Spanish
968,Ashlan,Ovitts,Female,aovittsqv,aovittsqv@baidu.com,"Schiller International University, London",Yiddish
969,Thorpe,Llewelyn,Male,tllewelynqw,tllewelynqw@people.com.cn,Otani University,Tok Pisin
970,Roland,Swayne,Male,rswayneqx,rswayneqx@freewebs.com,Tripura University,Tok Pisin
971,Eal,Gledhall,Male,egledhallqy,egledhallqy@fastcompany.com,Taejon National University of Technology,Kurdish
972,Alleyn,Cella,Male,acellaqz,acellaqz@dmoz.org,"Islamic Azad University, Mashhad",Kashmiri
973,Massimo,Longhorne,Male,mlonghorner0,mlonghorner0@angelfire.com,Aichi Sangyo University,Dari
974,Sibilla,Corday,Bigender,scordayr1,scordayr1@youtube.com,Barber-Scotia College,Papiamento
975,Norbert,Emeny,Male,nemenyr2,nemenyr2@mtv.com,Fukuoka University,Kashmiri
976,Nathalie,Yurikov,Female,nyurikovr3,nyurikovr3@msn.com,Hiroshima International University,Tok Pisin
977,Vic,Gilloran,Male,vgilloranr4,vgilloranr4@blog.com,Kongju National University of Education,French
978,Duffy,Casazza,Male,dcasazzar5,dcasazzar5@wikispaces.com,Institut des Sciences de l'Ingénieur de Clermont-Ferrand,Polish
979,Wilie,Scocroft,Female,wscocroftr6,wscocroftr6@t-online.de,Perak Islamic College,Bosnian
980,Gussy,Joscelyne,Female,gjoscelyner7,gjoscelyner7@theguardian.com,Bard College,Dhivehi
981,Charlton,Emslie,Male,cemslier8,cemslier8@bluehost.com,Volgograd State University of Architecture and Civil Engineering (VolgGASU),Nepali
982,Brody,Kelsow,Male,bkelsowr9,bkelsowr9@desdev.cn,Shanghai University of Science and Technology,Albanian
983,Mignon,Filippov,Female,mfilippovra,mfilippovra@artisteer.com,Walsh University,Swati
984,Aeriell,Spiers,Genderqueer,aspiersrb,aspiersrb@google.com.br,University of Seychelles - American Institute of Medicine,Nepali
985,Angil,Ebdon,Female,aebdonrc,aebdonrc@ezinearticles.com,Holy Family College,Tetum
986,Eberto,Picopp,Male,epicopprd,epicopprd@free.fr,"Newcastle University, Medicine Malaysia ",Bislama
987,Tuck,Pidon,Male,tpidonre,tpidonre@marriott.com,Al Ahlia University,Estonian
988,Alon,Seeborne,Male,aseebornerf,aseebornerf@qq.com,Tripura University,Malay
989,Retha,Farnin,Female,rfarninrg,rfarninrg@xing.com,Universidad Femenina del Sagrado Corazón,French
990,Jilleen,Sculpher,Female,jsculpherrh,jsculpherrh@who.int,University of South Alabama,Sotho
991,Ahmed,Liepina,Male,aliepinari,aliepinari@biglobe.ne.jp,University of Findlay,Macedonian
992,Waylon,Sircombe,Male,wsircomberj,wsircomberj@dion.ne.jp,Shahrood University of Technology,Arabic
993,Theobald,Crease,Male,tcreaserk,tcreaserk@oaic.gov.au,Taejon University,Telugu
994,Jesselyn,Andrewartha,Bigender,jandrewartharl,jandrewartharl@redcross.org,"Hidayatullah National Law University, Raipur",Gagauz
995,Anjela,Lyfe,Female,alyferm,alyferm@japanpost.jp,Central Queensland University,Zulu
996,Jewel,Dunne,Female,jdunnern,jdunnern@webnode.com,Michigan State University,Chinese
997,Sara-ann,Yorath,Genderqueer,syorathro,syorathro@spiegel.de,"Physical Education Academy ""Jozef Pilsudski"" in Warsaw",Filipino
998,Annabela,Dronsfield,Female,adronsfieldrp,adronsfieldrp@slideshare.net,Bharathiar University,Tetum
999,Conny,Trengrove,Female,ctrengroverq,ctrengroverq@smugmug.com,Technical University of Warsaw,Guaraní
1000,Zahara,Varrow,Female,zvarrowrr,zvarrowrr@state.tx.us,University of Waterloo,Nepali
