ID,First Name,Last Name,Gender,Username,Email,University,Language
1,Cecilius,Jewsbury,Male,cjewsbury0,cjewsbury0@pen.io,"Swinburne University of Technology, Sarawak Campus",Bengali
2,Garik,Lawford,Male,glawford1,glawford1@trellian.com,Bangladesh University of Professionals,Bislama
3,Estrellita,Azam,Female,eazam2,eazam2@ustream.tv,University of Peradeniya,Tok Pisin
4,Christabel,de Keep,Female,cdekeep3,cdekeep3@census.gov,Mississippi State University,Hebrew
5,Ev,Darrel,Male,edarrel4,edarrel4@examiner.com,Southern Connecticut State University,Aymara
6,Mehetabel,Grigorian,Female,mgrigorian5,mgrigorian5@japanpost.jp,Metropolitan State University,Armenian
7,Edy,Chalice,Female,echalice6,echalice6@indiegogo.com,Bayerische Julius-Maximilians-Universität Würzburg,Yiddish
8,Coral,Hakes,Female,chakes7,chakes7@sourceforge.net,Kyorin University,Thai
9,Arty,Mewburn,Genderfluid,amewburn8,amewburn8@time.com,Technological University (Pinlon),Assamese
10,Emmie,Leathart,Female,eleathart9,eleathart9@google.nl,"University of California, Irvine",Tetum
11,Bren,Tatersale,Male,btatersalea,btatersalea@fotki.com,Umutara Polytechnic,Kannada
12,Lyell,Betke,Male,lbetkeb,lbetkeb@photobucket.com,Kumamoto Institute of Technology,Dzongkha
13,Deina,Roj,Female,drojc,drojc@huffingtonpost.com,Ecole Supérieure de Commerce de Toulouse,Polish
14,Oswell,Huscroft,Male,ohuscroftd,ohuscroftd@istockphoto.com,Banasthali University,Tok Pisin
15,Alvan,Winham,Male,awinhame,awinhame@cyberchimps.com,International Business School of Scandinavia,Persian
16,Ninette,Straneo,Female,nstraneof,nstraneof@businesswire.com,University of the Philippines Open University,Hiri Motu
17,Shayla,O'Towey,Female,sotoweyg,sotoweyg@cbslocal.com,"Universidad Salvadorena ""Alberto Masferrer""",Kurdish
18,Lon,Spira,Male,lspirah,lspirah@squarespace.com,Nevsky Institute of Language and Culture,Norwegian
19,Cheri,Heathfield,Genderqueer,cheathfieldi,cheathfieldi@salon.com,Renmin University of China,Tetum
20,Ross,Pulsford,Male,rpulsfordj,rpulsfordj@huffingtonpost.com,Ecole Supérieure des Sciences Economiques et Commerciales,Tswana
21,Vickie,Tomenson,Female,vtomensonk,vtomensonk@hp.com,"Yorker International University, Athens",Amharic
22,Colman,Ethelstone,Male,cethelstonel,cethelstonel@boston.com,South Gujarat University,Moldovan
23,Camel,Galbreath,Female,cgalbreathm,cgalbreathm@google.it,NTB Interstate University of Applied Sciences of Technology,Ndebele
24,Trula,Drescher,Female,tdreschern,tdreschern@wufoo.com,St. Mary's University,Hebrew
25,Ferd,Belcher,Male,fbelchero,fbelchero@scribd.com,Vilnius Pedagogical University,West Frisian
26,Alyse,Trustram,Female,atrustramp,atrustramp@indiegogo.com,Illinois Institute of Technology,Latvian
27,Durante,Farragher,Male,dfarragherq,dfarragherq@homestead.com,Alabama State University,Kazakh
28,Vincent,Shedden,Male,vsheddenr,vsheddenr@i2i.jp,Charles Sturt University,Greek
29,Annnora,Luppitt,Female,aluppitts,aluppitts@vinaora.com,Kingston University,Swahili
30,Nan,Knott,Female,nknottt,nknottt@wunderground.com,Taipei Medical College,Hungarian
31,Chaunce,Wesley,Male,cwesleyu,cwesleyu@themeforest.net,Universidad de Jaén,Tetum
32,Desi,Snalum,Male,dsnalumv,dsnalumv@pinterest.com,Dirección General de Institutos Tecnológicos,Northern Sotho
33,Val,Illingsworth,Female,villingsworthw,villingsworthw@reference.com,Nichols College,Kazakh
34,Brena,Cardillo,Female,bcardillox,bcardillox@arstechnica.com,Dankook University,Swati
35,Chlo,Jukubczak,Female,cjukubczaky,cjukubczaky@barnesandnoble.com,Arizona Christian University,Malagasy
36,Melania,Sijmons,Polygender,msijmonsz,msijmonsz@google.nl,Institute of Commerce and Business,Maltese
37,Shannon,Bawles,Female,sbawles10,sbawles10@hp.com,Kankakee Community College,Malay
38,Judon,Turk,Male,jturk11,jturk11@redcross.org,"Rasmussen College, Illinois Campuses",Bislama
39,Hunt,Sleany,Male,hsleany12,hsleany12@nba.com,Ecole Supérieure d'Electronique de l'Ouest,Belarusian
40,Pollyanna,Briskey,Female,pbriskey13,pbriskey13@berkeley.edu,National Academy of Fine Arts,New Zealand Sign Language
41,Valentijn,Epine,Male,vepine14,vepine14@ning.com,University College of Technology & Innovation (UCTI),New Zealand Sign Language
42,Clim,Selbach,Male,cselbach15,cselbach15@intel.com,Universidad Los Angeles de Chimbote,Persian
43,Alan,Sackes,Male,asackes16,asackes16@qq.com,Technische Fachhochschule Wildau,Czech
44,Lianne,MacAlaster,Female,lmacalaster17,lmacalaster17@weather.com,Punjab Agricultural University,Oriya
45,Huey,Yuranovev,Male,hyuranovev18,hyuranovev18@cam.ac.uk,Christian Theological Academy in Warszaw,Spanish
46,Allyn,Rooksby,Male,arooksby19,arooksby19@newyorker.com,St. Petersburg Institute of Arts and Restoration,Yiddish
47,Verene,O'Donohue,Female,vodonohue1a,vodonohue1a@ucoz.ru,University of Waikato,Kashmiri
48,Cordi,Cowpland,Female,ccowpland1b,ccowpland1b@disqus.com,Norwegian University of Life Sciences,Icelandic
49,Elita,Sabban,Polygender,esabban1c,esabban1c@mysql.com,"New York Academy of Art, Graduate School of Figurative Art",Bosnian
50,Friedrich,Wannan,Genderqueer,fwannan1d,fwannan1d@columbia.edu,Koshien University,Arabic
51,Iris,Nucator,Female,inucator1e,inucator1e@msu.edu,Peking University,Danish
52,Tildy,De Launde,Female,tdelaunde1f,tdelaunde1f@shareasale.com,Université de la Méditerranée (Aix Marseille II),Albanian
53,Jehanna,Ginner,Female,jginner1g,jginner1g@gov.uk,University of Presov,Luxembourgish
54,Dulsea,Mangham,Female,dmangham1h,dmangham1h@buzzfeed.com,Prescott College,Bengali
55,Abeu,Matthias,Genderqueer,amatthias1i,amatthias1i@linkedin.com,European Institute of Education,Tok Pisin
56,Michelle,Postins,Female,mpostins1j,mpostins1j@xinhuanet.com,Memorial University of Newfoundland,Kurdish
57,Dalli,Brilleman,Male,dbrilleman1k,dbrilleman1k@sina.com.cn,Azerbaijan National Conservatorie,Tamil
58,Dagmar,Haine,Genderqueer,dhaine1l,dhaine1l@google.fr,Ural State University of Economics,Hindi
59,Gregorius,Ferraro,Male,gferraro1m,gferraro1m@lulu.com,Chunchon National University of Education,Czech
60,Myrtle,Noads,Female,mnoads1n,mnoads1n@reuters.com,Instituto Superior de Transportes e Comunicações,Kurdish
61,Emanuel,Balaisot,Male,ebalaisot1o,ebalaisot1o@tinyurl.com,Centre Universitaire de Tiaret,Burmese
62,Delora,Jewel,Female,djewel1p,djewel1p@google.com,Wuhan University of Technology,Somali
63,Celestyna,Poletto,Female,cpoletto1q,cpoletto1q@bigcartel.com,Bishop's University,Tsonga
64,Vite,Gaishson,Male,vgaishson1r,vgaishson1r@nba.com,Grodno State Agrarian University,Bengali
65,Casey,Empson,Male,cempson1s,cempson1s@xinhuanet.com,Franciscan School of Theology,Maltese
66,Nadiya,Ryburn,Female,nryburn1t,nryburn1t@163.com,Yamanashi Gakuin University,Kannada
67,Gray,Armor,Male,garmor1u,garmor1u@indiatimes.com,Universidade de Itaúna,Swati
68,Petronia,MacIlhargy,Female,pmacilhargy1v,pmacilhargy1v@ebay.com,Kankakee Community College,Luxembourgish
69,Killy,Boultwood,Male,kboultwood1w,kboultwood1w@wikimedia.org,Universidade da Região da Campanha,Filipino
70,Enos,Polsin,Male,epolsin1x,epolsin1x@fastcompany.com,University of Da Lat,Dzongkha
71,Krishna,McLeary,Male,kmcleary1y,kmcleary1y@sohu.com,Adnan Menderes University,Kashmiri
72,Erinna,Mattisssen,Female,emattisssen1z,emattisssen1z@chron.com,Gifu Keizai University,Moldovan
73,Nickolai,Babington,Male,nbabington20,nbabington20@timesonline.co.uk,"Warburg Institute, University of London",Danish
74,Bertine,Issac,Female,bissac21,bissac21@technorati.com,Bila Cerkva State Agrarian University,Swati
75,Skye,Grob,Male,sgrob22,sgrob22@pbs.org,Breyer State University (Virtual University),Czech
76,Mae,Bingell,Bigender,mbingell23,mbingell23@goodreads.com,Pakistan Institute of Engineering and Applied Sciences (PIEAS),Bulgarian
77,Allina,Autie,Female,aautie24,aautie24@google.cn,School of the Museum of Fine Arts,Portuguese
78,Ahmed,MacAllester,Male,amacallester25,amacallester25@msn.com,Southern Taiwan University of Technology,French
79,Dalton,Yushin,Male,dyushin26,dyushin26@statcounter.com,Godfrey Okoye University ,Thai
80,Hartley,Tierney,Male,htierney27,htierney27@deliciousdays.com,Nile University,Albanian
81,Poppy,Drewe,Female,pdrewe28,pdrewe28@cocolog-nifty.com,Texas Christian University,Indonesian
82,Cecilius,Mc Ilwrick,Male,cmcilwrick29,cmcilwrick29@jiathis.com,Universidad Nacional Agraria de la Selva,Moldovan
83,Ad,Newby,Male,anewby2a,anewby2a@stanford.edu,Business School Lausanne (BSL),Punjabi
84,Lonnard,Trynor,Male,ltrynor2b,ltrynor2b@state.tx.us,Universidad Técnica de Babahoyo,Moldovan
85,Ulberto,Roswarne,Male,uroswarne2c,uroswarne2c@is.gd,Hardin-Simmons University,Kashmiri
86,Alice,Monnery,Female,amonnery2d,amonnery2d@mapy.cz,Foreign Trade University,Marathi
87,Thane,Wattinham,Male,twattinham2e,twattinham2e@themeforest.net,National Tsinghua University,Latvian
88,Heidie,Jolley,Female,hjolley2f,hjolley2f@google.co.jp,Fashion Institute of New York,Papiamento
89,Melloney,Sambrook,Female,msambrook2g,msambrook2g@desdev.cn,Monmouth University,Lao
90,Selina,De Normanville,Female,sdenormanville2h,sdenormanville2h@xrea.com,Miami University of Ohio - Middletown,Marathi
91,Yancey,Edgington,Male,yedgington2i,yedgington2i@gnu.org,Geneva Business School,Filipino
92,Caspar,Kemmet,Male,ckemmet2j,ckemmet2j@cam.ac.uk,Kyushu Institute of Design,Norwegian
93,Kory,McWilliams,Male,kmcwilliams2k,kmcwilliams2k@discuz.net,National Military Academy of Afghanistan,Georgian
94,Uriah,Eastham,Male,ueastham2l,ueastham2l@wisc.edu,Mount Kenya University,Azeri
95,Joshia,Fowls,Male,jfowls2m,jfowls2m@bizjournals.com,Technical University of Gabrovo,Dzongkha
96,Derry,Tollemache,Male,dtollemache2n,dtollemache2n@xing.com,University of Waterloo,Polish
97,Lauryn,Sherar,Female,lsherar2o,lsherar2o@wisc.edu,Polytechnic University,Montenegrin
98,Benny,Joannic,Male,bjoannic2p,bjoannic2p@rakuten.co.jp,Universidad Nacional del Este,Bosnian
99,Theodor,Mc Gorley,Male,tmcgorley2q,tmcgorley2q@businessweek.com,Blackburn College,Yiddish
100,Ursa,Dwire,Female,udwire2r,udwire2r@sciencedirect.com,University of Applied Science and Technology,Albanian
101,Merilee,Vynall,Female,mvynall2s,mvynall2s@imdb.com,The College of Santa Fe,Swahili
102,Lynde,Berzon,Female,lberzon2t,lberzon2t@goo.gl,Universidad de Celaya,Portuguese
103,Cornie,Cummings,Male,ccummings2u,ccummings2u@upenn.edu,Bemidji State Univeristy,Afrikaans
104,Leann,Dionis,Female,ldionis2v,ldionis2v@comsenz.com,University of Agriculture and Veterinary Medicine Bucharest,Swati
105,Ramsey,Smiz,Male,rsmiz2w,rsmiz2w@geocities.com,Vongchavalitkul University,Mongolian
106,Elbertina,Hanbidge,Female,ehanbidge2x,ehanbidge2x@umn.edu,Samara State University of Teacher Training,Finnish
107,Gan,Rosenschein,Male,grosenschein2y,grosenschein2y@ocn.ne.jp,University Medical School of Pécs,Lithuanian
108,Roger,O'Spellissey,Male,rospellissey2z,rospellissey2z@ow.ly,Universidade Federal da Bahia,Montenegrin
109,Martainn,Swarbrick,Male,mswarbrick30,mswarbrick30@yolasite.com,Wisconsin School of Professional Psychology,Korean
110,Maia,Whickman,Female,mwhickman31,mwhickman31@cloudflare.com,"Islamic Azad University, Ahar",Amharic
111,Ardelle,O'Donnell,Female,aodonnell32,aodonnell32@last.fm,Banaras Hindu University,Persian
112,Von,Birkenshaw,Male,vbirkenshaw33,vbirkenshaw33@artisteer.com,Istanbul Arel University,English
113,Felipe,Tschierse,Male,ftschierse34,ftschierse34@topsy.com,National University of Food Technologies,Hungarian
114,Joly,Brewin,Female,jbrewin35,jbrewin35@opensource.org,Grand Canyon University,Malagasy
115,Bren,Meynell,Male,bmeynell36,bmeynell36@woothemes.com,City University of New York Medical School / Sophie Davis School of Biomedical Education,Luxembourgish
116,Eleanor,Lasslett,Polygender,elasslett37,elasslett37@exblog.jp,Fachhochschule Frankfurt am Main,Norwegian
117,Alys,Castiblanco,Female,acastiblanco38,acastiblanco38@jugem.jp,Universitas Bung Hatta,Estonian
118,Weber,Ponceford,Male,wponceford39,wponceford39@nbcnews.com,Faculdades Integradas do Brasil - UNIBRASIL,Quechua
119,Silvanus,Boarer,Male,sboarer3a,sboarer3a@so-net.ne.jp,Meredith College,Thai
120,Ingar,De Ruggiero,Male,ideruggiero3b,ideruggiero3b@arstechnica.com,Pontificia Universidade Católica do Paraná,Belarusian
121,Stevena,Gotthard,Female,sgotthard3c,sgotthard3c@microsoft.com,Scott Christian University,Kurdish
122,Gaylor,Pridmore,Male,gpridmore3d,gpridmore3d@bloglovin.com,Jiangxi Agricultural University,Papiamento
123,Ralph,Pentycost,Male,rpentycost3e,rpentycost3e@wordpress.com,Kumamoto University,Bulgarian
124,Jan,Echalier,Male,jechalier3f,jechalier3f@exblog.jp,Kashan University,Hebrew
125,Cosmo,Derill,Genderqueer,cderill3g,cderill3g@taobao.com,Sindh Agricultural University,Fijian
126,Enoch,Bedle,Male,ebedle3h,ebedle3h@ocn.ne.jp,International Institute for Higher Education,Punjabi
127,Vittorio,Jans,Male,vjans3i,vjans3i@hibu.com,"Taylor University, Fort Wayne Campus",Tok Pisin
128,Kerry,Voice,Female,kvoice3j,kvoice3j@linkedin.com,Universidade Fernando Pessoa,Kyrgyz
129,Sybil,Castel,Female,scastel3k,scastel3k@scientificamerican.com,"Katholieke Universiteit Leuven, Campus Kortrijk",Hungarian
130,Aldis,Lilbourne,Male,alilbourne3l,alilbourne3l@wisc.edu,Universitas Bhayangkara Jakarta Raya,Hebrew
131,Munmro,Joist,Genderqueer,mjoist3m,mjoist3m@deviantart.com,Tokoha Gakuen University,Norwegian
132,Hewe,Dorling,Male,hdorling3n,hdorling3n@ifeng.com,University of Siena,Burmese
133,Aubine,Causier,Female,acausier3o,acausier3o@dmoz.org,Institut National Polytechnique de Toulouse,Punjabi
134,Cord,Hewell,Male,chewell3p,chewell3p@ucoz.com,Faisalabad Institute of Textile and Fashion Design,Portuguese
135,Padriac,Mudge,Male,pmudge3q,pmudge3q@gnu.org,Nanyang Technological University,Malay
136,Harrison,Worsalls,Male,hworsalls3r,hworsalls3r@blogspot.com,University of South Florida,Hebrew
137,Filberte,Ker,Male,fker3s,fker3s@upenn.edu,Universitas Lancang Kuning,Gujarati
138,Dannye,Pickhaver,Genderqueer,dpickhaver3t,dpickhaver3t@umn.edu,Université de Franche-Comté,Indonesian
139,Sigismondo,Lownsbrough,Male,slownsbrough3u,slownsbrough3u@epa.gov,"Islamic Azad University, Yazd",Hindi
140,Heriberto,Hullin,Male,hhullin3v,hhullin3v@blogtalkradio.com,University Malaysia Pahang,Armenian
141,Fancie,Perllman,Female,fperllman3w,fperllman3w@mapquest.com,Bangladesh University of Professionals,Nepali
142,Sheff,Obispo,Agender,sobispo3x,sobispo3x@oakley.com,National Defense University,Swati
143,Kliment,Kyngdon,Male,kkyngdon3y,kkyngdon3y@ning.com,University of Edinburgh,Tetum
144,Juditha,McGarvey,Female,jmcgarvey3z,jmcgarvey3z@ucsd.edu,Volgograd State University,Swedish
145,Ashlie,Giotto,Genderfluid,agiotto40,agiotto40@unc.edu,South Asian Institute of Technology And Medicine (SAITM) ,Oriya
146,Cecilia,Tozer,Female,ctozer41,ctozer41@discovery.com,Vitebsk State University,Ndebele
147,Clementina,Blofield,Female,cblofield42,cblofield42@digg.com,Warren Wilson College,Moldovan
148,Dur,Wreak,Male,dwreak43,dwreak43@wix.com,Quaid-i-Azam University,Bislama
149,Inga,Everex,Female,ieverex44,ieverex44@ucla.edu,"Sofia University ""St. Kliment Ohridski""",Nepali
150,Tomlin,Lemmertz,Male,tlemmertz45,tlemmertz45@apache.org,University of the Italian-speaking Part of Switzerland,Maltese
151,Addy,Rollingson,Female,arollingson46,arollingson46@howstuffworks.com,Universidad del Valle de Guatemala,English
152,Zilvia,Rottery,Female,zrottery47,zrottery47@wunderground.com,Takhar University,Bulgarian
153,Kalle,Riden,Male,kriden48,kriden48@wordpress.org,Korea Maritime University,Azeri
154,Even,Dumbrell,Genderqueer,edumbrell49,edumbrell49@noaa.gov,Ulyanovsk State Technical University,Polish
155,Ricki,Duran,Female,rduran4a,rduran4a@tripadvisor.com,University of San Jose Recoletos,Persian
156,Iolanthe,Jewitt,Female,ijewitt4b,ijewitt4b@webs.com,Universidad Metropolitana de Monterrey,Amharic
157,Valentino,Binne,Male,vbinne4c,vbinne4c@posterous.com,Pamir University,Swahili
158,Glyn,Engall,Female,gengall4d,gengall4d@umn.edu,Inönü University,Greek
159,Pattie,Goford,Male,pgoford4e,pgoford4e@i2i.jp,"National Academy for Theatre and Film Arts ""Krustju Sarafov""",Armenian
160,Hansiain,Hammer,Male,hhammer4f,hhammer4f@yellowbook.com,Janos Selye University,West Frisian
161,Winnifred,Maffiotti,Female,wmaffiotti4g,wmaffiotti4g@salon.com,Mahatma Jyotiba Phule Rohilkhand University Bareilly ,Māori
162,Cordell,Pinney,Genderfluid,cpinney4h,cpinney4h@washingtonpost.com,Akaki Tsereteli State University,Portuguese
163,Olly,Palay,Female,opalay4i,opalay4i@opensource.org,Yerevan Haibusak University,Pashto
164,Midge,Apps,Female,mapps4j,mapps4j@mozilla.org,"Universidad Argentina ""John F. Kennedy""",Ndebele
165,Brendon,Ollier,Male,bollier4k,bollier4k@w3.org,Universiti Sains Malaysia,Kashmiri
166,Ricky,Savoury,Male,rsavoury4l,rsavoury4l@accuweather.com,Franklin College Switzerland,Kyrgyz
167,Charles,Stock,Male,cstock4m,cstock4m@arstechnica.com,University of Mumbai,Azeri
168,Kai,Abramovitz,Female,kabramovitz4n,kabramovitz4n@feedburner.com,Universidade de Pernambuco,Moldovan
169,Babbette,Pandya,Female,bpandya4o,bpandya4o@soundcloud.com,Kyushu Institute of Technology,Malay
170,Onfroi,Vasyaev,Male,ovasyaev4p,ovasyaev4p@dion.ne.jp,Heritage College,Tsonga
171,Benjie,Pitkeathly,Male,bpitkeathly4q,bpitkeathly4q@wsj.com,Tokyo Women's Medial College,Estonian
172,Corabella,Boothby,Female,cboothby4r,cboothby4r@patch.com,University of New South Wales,Oriya
173,Nell,Mawdsley,Female,nmawdsley4s,nmawdsley4s@netscape.com,Jami Institute of Technology,New Zealand Sign Language
174,Agata,Westpfel,Female,awestpfel4t,awestpfel4t@woothemes.com,Imo State University,Kyrgyz
175,Yank,Crinidge,Male,ycrinidge4u,ycrinidge4u@usnews.com,Jigjiga University,Bislama
176,Cole,Nassey,Genderfluid,cnassey4v,cnassey4v@marriott.com,Open University Malaysia,Armenian
177,Ban,Tidswell,Male,btidswell4w,btidswell4w@mapquest.com,Taj International College,Macedonian
178,Teddy,MacClure,Male,tmacclure4x,tmacclure4x@freewebs.com,Hong Kong Shue Yan College,Belarusian
179,Priscilla,Barosch,Female,pbarosch4y,pbarosch4y@baidu.com,University of Johannesburg,Lithuanian
180,Adore,Diggons,Female,adiggons4z,adiggons4z@phoca.cz,Kent State University,Sotho
181,Curtis,Plascott,Male,cplascott50,cplascott50@dropbox.com,University of Chittagong,Aymara
182,Robby,Crummey,Male,rcrummey51,rcrummey51@sina.com.cn,Institut des Sciences de la Matière et du Rayonnement,Somali
183,Dulcea,Btham,Female,dbtham52,dbtham52@dailymotion.com,University Politehnica of Bucharest,Hebrew
184,Whitby,Pierson,Male,wpierson53,wpierson53@jugem.jp,Mahanakorn University of Technology,Danish
185,Teresina,Sansome,Bigender,tsansome54,tsansome54@nyu.edu,Rosemont College,Dari
186,Shara,Jaimez,Non-binary,sjaimez55,sjaimez55@etsy.com,University of Kabianga,Albanian
187,Kassey,Carey,Female,kcarey56,kcarey56@phoca.cz,MacEwan University,English
188,Tremayne,Gabby,Male,tgabby57,tgabby57@examiner.com,Heartland Baptist Bible College,Aymara
189,El,Perel,Polygender,eperel58,eperel58@japanpost.jp,Central Baptist College,Armenian
190,Ulrike,Choffin,Female,uchoffin59,uchoffin59@bravesites.com,University of the Punjab,Albanian
191,Shaylynn,Parmer,Female,sparmer5a,sparmer5a@hugedomains.com,Al-Asmarya University for Islamic Studies,Nepali
192,Twila,Paolucci,Female,tpaolucci5b,tpaolucci5b@newyorker.com,Mamasani University of Technology,Gagauz
193,Bax,Bucknall,Male,bbucknall5c,bbucknall5c@alibaba.com,Universidad de Pinar del Río,Tetum
194,Minor,Liddiard,Male,mliddiard5d,mliddiard5d@fotki.com,Salem Teikyo University,Fijian
195,Shamus,Guilaem,Non-binary,sguilaem5e,sguilaem5e@webnode.com,James Madison University,Sotho
196,Neysa,Cordey,Female,ncordey5f,ncordey5f@prlog.org,College of Europe,Swati
197,Codie,Fontel,Male,cfontel5g,cfontel5g@storify.com,"Pedagogical State University ""Ion Creanga""",Haitian Creole
198,Ansell,Houldin,Male,ahouldin5h,ahouldin5h@yelp.com,Academy of Economics in Cracow,Sotho
199,Emile,Glyn,Male,eglyn5i,eglyn5i@thetimes.co.uk,Guangdong University of Foreign Studies,Greek
200,Alick,Dyter,Male,adyter5j,adyter5j@cbsnews.com,University of Marketing and Distribution Sciences,Kurdish
201,Josephina,McKenney,Female,jmckenney5k,jmckenney5k@blogs.com,Universidad Antonio Nariño,Croatian
202,Katya,Yushin,Female,kyushin5l,kyushin5l@wordpress.com,Urbana University,Icelandic
203,Valentine,Tebboth,Male,vtebboth5m,vtebboth5m@reddit.com,Université Stendhal (Grenoble III),Dari
204,Locke,Brine,Male,lbrine5n,lbrine5n@cloudflare.com,Balikesir University,Finnish
205,Stevena,Dillingston,Female,sdillingston5o,sdillingston5o@cnn.com,University of Louisiana at Monroe,Spanish
206,Coop,Milton-White,Non-binary,cmiltonwhite5p,cmiltonwhite5p@adobe.com,Ilia Chavchavadze State University,Norwegian
207,Hillary,Frood,Male,hfrood5q,hfrood5q@acquirethisname.com,Georgia Institute of Technology,Kurdish
208,Jeffry,De Lasci,Male,jdelasci5r,jdelasci5r@senate.gov,Seoul National University,Khmer
209,Diane-marie,McDougal,Female,dmcdougal5s,dmcdougal5s@hibu.com,Harbin Engineering University,Armenian
210,Lavinie,Pittet,Female,lpittet5t,lpittet5t@cam.ac.uk,University of Manchester,Kazakh
211,Huntington,Ivshin,Male,hivshin5u,hivshin5u@telegraph.co.uk,National Technical University of Athens,Spanish
212,Merry,Josovich,Genderqueer,mjosovich5v,mjosovich5v@hibu.com,"Islamic Azad University, Tehran Science & Research Branch",Fijian
213,Marjorie,Jurasz,Female,mjurasz5w,mjurasz5w@facebook.com,Politeknik Negeri Malang,Kazakh
214,Katy,Pelham,Female,kpelham5x,kpelham5x@shutterfly.com,Ashkelon Academic College,Icelandic
215,Merell,Durn,Male,mdurn5y,mdurn5y@tuttocitta.it,Shaheed Zulifkar Ali Bhutto Institute of Science and Technology,Thai
216,Melantha,Biggin,Female,mbiggin5z,mbiggin5z@google.co.uk,Beijing Polytechnic University,Kyrgyz
217,Wade,Impey,Male,wimpey60,wimpey60@salon.com,Universidad Autónoma del Caribe,Catalan
218,Garey,Jobin,Male,gjobin61,gjobin61@yellowbook.com,"Teacher Training College of Revalidation, Rehabilitation and Physical Education",Norwegian
219,Quinton,Dellit,Male,qdellit62,qdellit62@ocn.ne.jp,University of Piraeus,Spanish
220,Baxie,Rapelli,Male,brapelli63,brapelli63@businessweek.com,"Institute of Teachers Education, Keningau",Zulu
221,Odele,Edwins,Female,oedwins64,oedwins64@trellian.com,Jiwaji University,Gagauz
222,Hube,Blacklidge,Male,hblacklidge65,hblacklidge65@purevolume.com,Bowie State University,Italian
223,Bryanty,Tremonte,Male,btremonte66,btremonte66@cisco.com,Cape Peninsula University of Technology,Malay
224,Wally,Habbal,Female,whabbal67,whabbal67@altervista.org,Eötvös Lorand University,Greek
225,Elianora,Bulleyn,Female,ebulleyn68,ebulleyn68@dell.com,Monmouth University,Tetum
226,Noam,Jurczak,Male,njurczak69,njurczak69@trellian.com,Daugavpils University,Irish Gaelic
227,Galven,Tuminelli,Male,gtuminelli6a,gtuminelli6a@fda.gov,Ryukoku University,Indonesian
228,Goldarina,Twiddell,Female,gtwiddell6b,gtwiddell6b@stanford.edu,Universidad de la Empresa (UDE),Azeri
229,Marsiella,Stutter,Female,mstutter6c,mstutter6c@zdnet.com,Johns Hopkins University,Maltese
230,Kristofor,Christescu,Male,kchristescu6d,kchristescu6d@amazon.co.jp,"Sarhad University of Science & Information Technology, Peshawar ",Kyrgyz
231,Barnabe,Drewes,Male,bdrewes6e,bdrewes6e@upenn.edu,"University ""Transilvany"" of Brasov",Filipino
232,Milo,Chrippes,Male,mchrippes6f,mchrippes6f@foxnews.com,Teikyo Heisei University,Kannada
233,Emilee,Meynell,Female,emeynell6g,emeynell6g@xing.com,Pohang University of Science and Technology,Czech
234,Chicky,Coye,Female,ccoye6h,ccoye6h@ox.ac.uk,Penang International Dental College,Nepali
235,Yorgos,Gryglewski,Male,ygryglewski6i,ygryglewski6i@networkadvertising.org,Messiah College,Māori
236,Jorey,Shakshaft,Female,jshakshaft6j,jshakshaft6j@google.com.hk,The Robert Gordon University,Ndebele
237,Elane,Shakelady,Bigender,eshakelady6k,eshakelady6k@wikispaces.com,West Texas A&M University,Estonian
238,Sayres,Bastiman,Male,sbastiman6l,sbastiman6l@unc.edu,Haynal Imre University of Health Sciences Budapest,Tswana
239,Hermon,Castle,Male,hcastle6m,hcastle6m@a8.net,Leading University,Tajik
240,Worden,Breach,Male,wbreach6n,wbreach6n@blogs.com,Université des Antilles et de la Guyane,Hungarian
241,Sim,Rawstorn,Polygender,srawstorn6o,srawstorn6o@ox.ac.uk,University of Akureyri,Norwegian
242,Kyrstin,Meader,Female,kmeader6p,kmeader6p@blogs.com,Don State Technical University,Swedish
243,Yelena,Curtain,Non-binary,ycurtain6q,ycurtain6q@dailymail.co.uk,Kunmimg University of Science and Technology,Fijian
244,Armstrong,Cassius,Male,acassius6r,acassius6r@sakura.ne.jp,Ecole Nationale de l'Aviation Civile,Ndebele
245,Ricky,Ledwidge,Male,rledwidge6s,rledwidge6s@posterous.com,Université Ez-Zitouna,Mongolian
246,Freemon,Rutherfoord,Male,frutherfoord6t,frutherfoord6t@washingtonpost.com,Universidad de Granada,Kannada
247,Glenden,Bachnic,Male,gbachnic6u,gbachnic6u@gnu.org,Universidad de Córdoba,Oriya
248,Matthew,Guiraud,Male,mguiraud6v,mguiraud6v@weibo.com,Kateb Institute of Higher Education,Luxembourgish
249,Vasili,Barsam,Non-binary,vbarsam6w,vbarsam6w@devhub.com,Simmons College,Sotho
250,Davin,Mawne,Non-binary,dmawne6x,dmawne6x@nps.gov,Royal Roads University,Icelandic
251,Dominik,Gwynne,Agender,dgwynne6y,dgwynne6y@surveymonkey.com,Zaporizhzhe National Technical University,Assamese
252,Stefan,Cluet,Male,scluet6z,scluet6z@stumbleupon.com,Universidade Federal de Goiás,Norwegian
253,Eldon,Mintoft,Genderqueer,emintoft70,emintoft70@yellowbook.com,University of Memphis,Macedonian
254,Ashli,Cisland,Female,acisland71,acisland71@cpanel.net,Pädagogische Hochschule Zürich (Zurich School of Education),Punjabi
255,Nickola,Biffin,Male,nbiffin72,nbiffin72@dagondesign.com,Université de Valenciennes et du Hainaut-Cambrésis,Belarusian
256,Bird,Lancastle,Female,blancastle73,blancastle73@cnn.com,Culver-Stockton College,Luxembourgish
257,Cordelia,Meynell,Female,cmeynell74,cmeynell74@ft.com,Gezira College of Technology,Haitian Creole
258,Mattie,Jimenez,Female,mjimenez75,mjimenez75@godaddy.com,Donetsk National University,Estonian
259,Hiram,Ceillier,Male,hceillier76,hceillier76@wikimedia.org,East Africa University Bosaso,Estonian
260,Bryce,Pontefract,Agender,bpontefract77,bpontefract77@360.cn,Prince Sultan College for Tourism and Hotel Scinces,German
261,Mindy,Fuente,Female,mfuente78,mfuente78@pinterest.com,Nakhchivan State University,Armenian
262,Martica,Embling,Female,membling79,membling79@xinhuanet.com,Bila Cerkva State Agrarian University,Georgian
263,Celeste,Wallsworth,Female,cwallsworth7a,cwallsworth7a@webnode.com,Teikyo Heisei University,Tajik
264,Halimeda,Buckell,Female,hbuckell7b,hbuckell7b@cdc.gov,Aoyama Gakuin University,Somali
265,Dion,Haymes,Male,dhaymes7c,dhaymes7c@nytimes.com,St. Thomas University,Malay
266,Christean,MacCaughan,Female,cmaccaughan7d,cmaccaughan7d@kickstarter.com,Kaohsuing Open University,Tok Pisin
267,Kordula,Easterby,Female,keasterby7e,keasterby7e@mozilla.org,Universidad de Especialidades del Espíritu Santo,Croatian
268,Marten,Lancetter,Male,mlancetter7f,mlancetter7f@myspace.com,Amirkabir College of Managmant & Technology,Icelandic
269,Josee,Ratie,Non-binary,jratie7g,jratie7g@army.mil,Maharishi University of Management,Maltese
270,Wiley,Huggons,Male,whuggons7h,whuggons7h@i2i.jp,University of Management and Marketing,Portuguese
271,Oneida,Caroll,Genderqueer,ocaroll7i,ocaroll7i@dot.gov,Universidad de Aquino Bolivia,Burmese
272,Bailey,Sellick,Male,bsellick7j,bsellick7j@mayoclinic.com,Cedarville College,Romanian
273,Karolina,Epple,Female,kepple7k,kepple7k@mlb.com,Nagasaki Prefectural University,Afrikaans
274,Allin,Mayger,Male,amayger7l,amayger7l@flavors.me,Zhongshan University,Bosnian
275,Aubrette,Hurndall,Agender,ahurndall7m,ahurndall7m@berkeley.edu,Urmia University of Technology,Ndebele
276,Fletcher,Looney,Male,flooney7n,flooney7n@shop-pro.jp,"Queen Mary and Westfield College, University of London",Sotho
277,Heath,Domoney,Male,hdomoney7o,hdomoney7o@washington.edu,New Mexico Institute of Mining and Technology,Spanish
278,Otes,Sands,Male,osands7p,osands7p@nba.com,Université de Bandundu Ville,Amharic
279,Margaretha,Brereton,Female,mbrereton7q,mbrereton7q@house.gov,Kawasaki Medical School,Lao
280,Corena,Yeulet,Bigender,cyeulet7r,cyeulet7r@example.com,Lynchburg College,New Zealand Sign Language
281,Cathrin,McBoyle,Female,cmcboyle7s,cmcboyle7s@cocolog-nifty.com,Unitomo Surabaya,Latvian
282,Allissa,Topham,Female,atopham7t,atopham7t@chron.com,Health sciences University of Mongolia,Guaraní
283,Sinclare,Raybould,Male,sraybould7u,sraybould7u@hugedomains.com,Universidad Nacional de Catamarca,Hungarian
284,Gilberta,Lawrinson,Female,glawrinson7v,glawrinson7v@tripadvisor.com,Shanghai University of Engineering Science,French
285,Garrard,Disbury,Male,gdisbury7w,gdisbury7w@dion.ne.jp,Franklin W. Olin College of Engineering,Ndebele
286,Haze,McGenis,Genderfluid,hmcgenis7x,hmcgenis7x@cargocollective.com,Jiangsu University of Science and Technology,Lithuanian
287,Seumas,Poacher,Male,spoacher7y,spoacher7y@uiuc.edu,Hue University,Belarusian
288,Penny,Algore,Male,palgore7z,palgore7z@cbslocal.com,Massachusetts Institute of Technology,Dari
289,Tabor,Ranking,Male,tranking80,tranking80@123-reg.co.uk,Jaypee Institute of Information Technology,Portuguese
290,Tim,Snow,Male,tsnow81,tsnow81@usda.gov,Harris-Stowe State University,Fijian
291,Lizzie,Blench,Female,lblench82,lblench82@merriam-webster.com,Université Omar Bongo,Nepali
292,Cherilynn,Hendriksen,Female,chendriksen83,chendriksen83@utexas.edu,Atlanta Christian College,Quechua
293,Binnie,Chaulk,Female,bchaulk84,bchaulk84@wired.com,Scholl College of Podiatric Medicine,Thai
294,Lance,Davydychev,Male,ldavydychev85,ldavydychev85@squidoo.com,Ural State Academy of Railway Transport,English
295,Berti,Ivanenkov,Male,bivanenkov86,bivanenkov86@acquirethisname.com,Private Universität Witten/Herdecke,Telugu
296,Iain,Noddle,Male,inoddle87,inoddle87@blogger.com,College of New Caledonia,Indonesian
297,Larina,Tejada,Female,ltejada88,ltejada88@mapquest.com,Universität Paderborn,Dari
298,Kalvin,Romer,Genderfluid,kromer89,kromer89@nhs.uk,Avinashilingam Institute for Home Science and Higher Education for Women,Afrikaans
299,Vonnie,Cockshott,Female,vcockshott8a,vcockshott8a@pen.io,Dalian University,Afrikaans
300,Rudolph,Ivanilov,Male,rivanilov8b,rivanilov8b@usa.gov,Akita University of Economics and Law,Fijian
301,Hoyt,Eagers,Genderqueer,heagers8c,heagers8c@cbslocal.com,Université Catholique de Lille,Dzongkha
302,Emalia,Womersley,Female,ewomersley8d,ewomersley8d@seattletimes.com,University of Da Lat,Afrikaans
303,Dorris,Siaspinski,Female,dsiaspinski8e,dsiaspinski8e@booking.com,Pädagogische Hochschule Heidelberg,Maltese
304,Toddie,Dyer,Male,tdyer8f,tdyer8f@nymag.com,Estonian Academy of Arts,Polish
305,Waylon,Farish,Male,wfarish8g,wfarish8g@dmoz.org,Technical University of Gdansk,French
306,Alexandro,Carless,Male,acarless8h,acarless8h@furl.net,Ural Gorkij State University,Afrikaans
307,Cointon,Alessandrini,Genderfluid,calessandrini8i,calessandrini8i@over-blog.com,"City University of New York, Graduate School and University Center",Ndebele
308,Rutger,Maggi,Male,rmaggi8j,rmaggi8j@ibm.com,University of Sopron,Malayalam
309,Aluino,Pic,Male,apic8k,apic8k@twitpic.com,Universidad Braulio Carrillo,Fijian
310,Honor,Bagnell,Female,hbagnell8l,hbagnell8l@hatena.ne.jp,Universidad Nacional Siglo XX Llallagua,Sotho
311,Baryram,Holston,Male,bholston8m,bholston8m@flavors.me,"Concordia University, River Forest",Moldovan
312,Addi,Conan,Polygender,aconan8n,aconan8n@blogspot.com,Sultan Qaboos University,Bosnian
313,Traci,Kynaston,Female,tkynaston8o,tkynaston8o@ftc.gov,Meredith College,Telugu
314,Leigh,Keysall,Male,lkeysall8p,lkeysall8p@lycos.com,Hallym University,Bislama
315,Ermentrude,Salthouse,Genderqueer,esalthouse8q,esalthouse8q@eepurl.com,Kyoritsu Woman's University,Hindi
316,Gabbey,Shimmans,Bigender,gshimmans8r,gshimmans8r@nih.gov,Moscow State University of Forestry Engineering,Kannada
317,Chic,Spellworth,Male,cspellworth8s,cspellworth8s@ow.ly,Centro Universitário Senac,Korean
318,Tillie,Markel,Female,tmarkel8t,tmarkel8t@gnu.org,International Institute for Population Sciences,Luxembourgish
319,Tabb,Papps,Male,tpapps8u,tpapps8u@yellowbook.com,Gwynedd-Mercy College,Lithuanian
320,Ulric,Arbon,Male,uarbon8v,uarbon8v@apache.org,Himachal Pradesh Agricultural University,Hebrew
321,Vanya,Daft,Male,vdaft8w,vdaft8w@salon.com,Fine Arts Academy in Gdansk,Estonian
322,Cassie,Kimblen,Female,ckimblen8x,ckimblen8x@msn.com,Cheljabinsk State University,Dutch
323,Weston,Landeaux,Male,wlandeaux8y,wlandeaux8y@gmpg.org,Samara State Academy for Railway Transportation,Persian
324,Norene,Twitching,Female,ntwitching8z,ntwitching8z@telegraph.co.uk,Baylor College of Medicine,Czech
325,Henri,Fairchild,Male,hfairchild90,hfairchild90@oaic.gov.au,University of Texas Southwestern Medical Center at Dallas,Hindi
326,Granny,Jeffcock,Male,gjeffcock91,gjeffcock91@sogou.com,Illinois College of Optometry,Estonian
327,Abby,Duthie,Non-binary,aduthie92,aduthie92@ucoz.com,Universidad Nueva San Salvador,Tetum
328,Rosalinda,Steinham,Female,rsteinham93,rsteinham93@1688.com,Seowon University,Bengali
329,Hort,Cayford,Male,hcayford94,hcayford94@alibaba.com,University of Joensuu,Assamese
330,Taber,Dyhouse,Male,tdyhouse95,tdyhouse95@japanpost.jp,Elizabethtown College,Hindi
331,Timotheus,Eaklee,Male,teaklee96,teaklee96@mysql.com,Fachhochschule Koblenz,Hindi
332,Bernhard,Janaud,Genderfluid,bjanaud97,bjanaud97@spotify.com,Tokuyama University,Bengali
333,Emmey,Gilbody,Female,egilbody98,egilbody98@deliciousdays.com,Alice Lloyd College,Yiddish
334,Kata,Mincher,Female,kmincher99,kmincher99@arizona.edu,New York Instiute of Technology,Icelandic
335,Durant,Knight,Male,dknight9a,dknight9a@cisco.com,Yarmouk Private University ,Catalan
336,Nathan,Barr,Male,nbarr9b,nbarr9b@chron.com,Monterey Institute of International Studies,Norwegian
337,Cami,Pennone,Female,cpennone9c,cpennone9c@php.net,University School of Physical Education,West Frisian
338,Ardisj,Antonich,Female,aantonich9d,aantonich9d@51.la,National Institute of Industrial Engineering,Georgian
339,Smitty,Falls,Male,sfalls9e,sfalls9e@blogspot.com,Yaroslavl International University of Business and New Technologies,Khmer
340,Royall,Bitten,Genderfluid,rbitten9f,rbitten9f@issuu.com,"Troy University, Troy",Gagauz
341,Lucina,Ipsley,Female,lipsley9g,lipsley9g@addthis.com,Tianjin Open University,Japanese
342,Cobbie,Pichmann,Non-binary,cpichmann9h,cpichmann9h@furl.net,Bryant and Stratton College,Hiri Motu
343,Augustus,Luckham,Male,aluckham9i,aluckham9i@springer.com,Shukutoku University,Belarusian
344,Susy,Heggman,Female,sheggman9j,sheggman9j@apple.com,Australian Correspondence Schools,Persian
345,Daisie,Matejka,Female,dmatejka9k,dmatejka9k@blogs.com,Swiss Management Center,Azeri
346,Lauree,Etienne,Female,letienne9l,letienne9l@ucla.edu,Millersville University of Pennsylvania,Azeri
347,Hagan,Barratt,Male,hbarratt9m,hbarratt9m@ebay.co.uk,"National Institute of Technology, Jamshedpur",Amharic
348,Donnie,Hulse,Female,dhulse9n,dhulse9n@walmart.com,Universidad Particular de Chiclayo,Haitian Creole
349,Augusto,McFfaden,Male,amcffaden9o,amcffaden9o@biblegateway.com,Higher School o Business/National Louis University(WSB/NLU) in Nowy Sacz,Ndebele
350,Tobit,De Meis,Male,tdemeis9p,tdemeis9p@xrea.com,Universidad Obrera de Mexico,Korean
351,Sharl,Iban,Genderqueer,siban9q,siban9q@aol.com,Perdana University,Swati
352,Ketty,Lathee,Female,klathee9r,klathee9r@uol.com.br,Beijing Language and Culture University,Catalan
353,Mitchell,Lampl,Male,mlampl9s,mlampl9s@rediff.com,University of Guam,Fijian
354,Austin,Curtayne,Female,acurtayne9t,acurtayne9t@house.gov,"National University of Ireland, Galway",Haitian Creole
355,Adrienne,Verry,Female,averry9u,averry9u@vinaora.com,University of Greenland,Czech
356,Kettie,Streeter,Female,kstreeter9v,kstreeter9v@ebay.co.uk,Emporia State University,Lithuanian
357,Riki,McAusland,Female,rmcausland9w,rmcausland9w@elegantthemes.com,Beijing International Studies University,Afrikaans
358,Hamish,Clyne,Male,hclyne9x,hclyne9x@msu.edu,Tottori University of Environmental Studies,Punjabi
359,Ayn,Armatys,Female,aarmatys9y,aarmatys9y@mapy.cz,Ferris State University,Amharic
360,Bryon,Sell,Male,bsell9z,bsell9z@msn.com,College of the Atlantic,Burmese
361,Zebulon,Andrejevic,Male,zandrejevica0,zandrejevica0@stumbleupon.com,Campus Bio-Medico University of Rome,Arabic
362,Andeee,Louisot,Non-binary,alouisota1,alouisota1@cbc.ca,University of Kota,Nepali
363,Wolfy,Baldi,Genderfluid,wbaldia2,wbaldia2@youtu.be,Universidad Católica Nordestana,Hebrew
364,Lettie,Rodnight,Female,lrodnighta3,lrodnighta3@dedecms.com,Dow University of Health Sciences,Gujarati
365,King,Stolli,Male,kstollia4,kstollia4@ycombinator.com,Clark Atlanta University,Catalan
366,Woodrow,Willcox,Male,wwillcoxa5,wwillcoxa5@1und1.de,Al Muthanna University,Somali
367,Daniel,Aronowicz,Male,daronowicza6,daronowicza6@biglobe.ne.jp,King Saud bin Abdulaziz University for Health Sciences ,New Zealand Sign Language
368,Kessia,Jennrich,Female,kjennricha7,kjennricha7@oaic.gov.au,Smith College,Northern Sotho
369,Jenine,Pygott,Female,jpygotta8,jpygotta8@skype.com,Universidad Autónoma de Chihuahua,Romanian
370,Keen,Barense,Male,kbarensea9,kbarensea9@vinaora.com,Washburn University,Tsonga
371,Floris,Jelf,Female,fjelfaa,fjelfaa@businessinsider.com,University of Rio Grande,Irish Gaelic
372,Angelo,Russilll,Male,arussilllab,arussilllab@yellowpages.com,National College of Ireland,Gujarati
373,Dorris,Ruf,Agender,drufac,drufac@homestead.com,Ulsan University,Portuguese
374,Nevsa,Pinchon,Female,npinchonad,npinchonad@usa.gov,Fachhochschule Brandenburg,Swedish
375,Barnett,Srutton,Male,bsruttonae,bsruttonae@elpais.com,Universidad Hispanoamericana,Indonesian
376,Lotty,Argyle,Female,largyleaf,largyleaf@merriam-webster.com,Dutch Delta University,Bislama
377,Griffith,Keough,Male,gkeoughag,gkeoughag@clickbank.net,Shonan Institute of Technology,Arabic
378,Lazar,Millen,Male,lmillenah,lmillenah@chron.com,Ecole Supérieure d'Informatique et de Management,English
379,Flynn,Greson,Male,fgresonai,fgresonai@taobao.com,Kakatiya University,Pashto
380,Ignacius,Cutting,Male,icuttingaj,icuttingaj@stanford.edu,Southwest University,Tetum
381,Cordelie,Normington,Female,cnormingtonak,cnormingtonak@eventbrite.com,"National Institute of Technology, Rourkela",German
382,Erin,Fuge,Male,efugeal,efugeal@artisteer.com,University of Perpetual Help,French
383,Ailyn,Frear,Female,afrearam,afrearam@webeden.co.uk,Wesleyan University,Persian
384,Sullivan,Duffell,Genderfluid,sduffellan,sduffellan@ibm.com,Universidad Francisco Gavidia,Portuguese
385,Katie,Margery,Female,kmargeryao,kmargeryao@desdev.cn,Universidad de Jaén,Irish Gaelic
386,Adolf,Cordrey,Male,acordreyap,acordreyap@photobucket.com,Instituto Politécnico de Coimbra,Tok Pisin
387,Daryl,Waldock,Male,dwaldockaq,dwaldockaq@wix.com,Taj Institute of Higher Education,Dari
388,Lydon,Libby,Male,llibbyar,llibbyar@statcounter.com,Queen's University,Yiddish
389,Vonnie,Golds,Female,vgoldsas,vgoldsas@nsw.gov.au,Melaka City Polytechnic,Bulgarian
390,Eliza,Milsom,Agender,emilsomat,emilsomat@unesco.org,Instituto Politécnico de Viana do Castelo,Nepali
391,Sylas,Dallas,Male,sdallasau,sdallasau@freewebs.com,Kigali Independent University,New Zealand Sign Language
392,Halette,Metham,Female,hmethamav,hmethamav@nymag.com,Arab Open University,Korean
393,Broddy,Wolver,Male,bwolveraw,bwolveraw@ca.gov,Campbell University,Estonian
394,Sabina,Geekie,Female,sgeekieax,sgeekieax@php.net,Nagoya University of Foreign Studies,Swedish
395,Olivero,Tyrone,Male,otyroneay,otyroneay@google.nl,Universidad Catolica de La Santísima Concepción,New Zealand Sign Language
396,Cammi,Epilet,Female,cepiletaz,cepiletaz@microsoft.com,Cagayan State University,Telugu
397,Laverne,Grose,Female,lgroseb0,lgroseb0@hugedomains.com,East-Siberian State University of Technology,Lao
398,Steffen,Docwra,Male,sdocwrab1,sdocwrab1@tripadvisor.com,Iceland Academy of the Arts,Japanese
399,Lizabeth,Collin,Female,lcollinb2,lcollinb2@jigsy.com,Universidad Industrial de Santander,Northern Sotho
400,Michaella,Bennitt,Female,mbennittb3,mbennittb3@sina.com.cn,International Ataturk Alatoo University,Aymara
401,Shelli,Dreinan,Bigender,sdreinanb4,sdreinanb4@bbb.org,University of Massachusetts at Amherst,Quechua
402,Nikolaus,Fierman,Male,nfiermanb5,nfiermanb5@unicef.org,Universiti Pendidikan Sultan Idris,English
403,Merle,Callington,Male,mcallingtonb6,mcallingtonb6@com.com,Nukus State Teachers Training Institute,Oriya
404,Wilmette,Lusgdin,Female,wlusgdinb7,wlusgdinb7@gizmodo.com,Universidad de Oviedo,Hindi
405,Clarissa,Keech,Genderfluid,ckeechb8,ckeechb8@meetup.com,Naval Postgraduate School,Quechua
406,Bern,Barbary,Genderfluid,bbarbaryb9,bbarbaryb9@statcounter.com,Drzavni Univerzitet u Novom Pazaru,Greek
407,Bowie,Reddell,Male,breddellba,breddellba@ask.com,Rheinische Friedrich-Wilhelms Universität Bonn,Greek
408,Magnum,Foxton,Male,mfoxtonbb,mfoxtonbb@epa.gov,Holmes Institute,Northern Sotho
409,Kandace,Streatley,Female,kstreatleybc,kstreatleybc@cargocollective.com,Universidad Pedagógica de El Salvador,Macedonian
410,Clem,Cleverley,Agender,ccleverleybd,ccleverleybd@harvard.edu,Mount Ida College,Kyrgyz
411,Salomi,Kinsley,Female,skinsleybe,skinsleybe@flavors.me,University of Sassari,West Frisian
412,Randie,Wasylkiewicz,Agender,rwasylkiewiczbf,rwasylkiewiczbf@sourceforge.net,Université Libre de Bruxelles,English
413,Fedora,Drewett,Genderqueer,fdrewettbg,fdrewettbg@nymag.com,Aichi Gakuin University,German
414,Marie-ann,Castanaga,Female,mcastanagabh,mcastanagabh@gmpg.org,Kogakuin University,Dutch
415,Caddric,Gristhwaite,Male,cgristhwaitebi,cgristhwaitebi@auda.org.au,Ecole des Ingénieurs de la Ville de Paris,Malay
416,Jeannie,Guage,Female,jguagebj,jguagebj@shop-pro.jp,Regis College,Georgian
417,Drud,Saltsberger,Male,dsaltsbergerbk,dsaltsbergerbk@csmonitor.com,Kocaeli University,New Zealand Sign Language
418,Willie,Butchard,Genderfluid,wbutchardbl,wbutchardbl@engadget.com,Bemidji State Univeristy,Fijian
419,Virgina,Bromby,Female,vbrombybm,vbrombybm@desdev.cn,University of Delhi,Northern Sotho
420,Scot,Chart,Male,schartbn,schartbn@pen.io,Harare Institute of Technology,Amharic
421,Cathie,Honeyghan,Female,choneyghanbo,choneyghanbo@salon.com,Mu' tah University,Italian
422,Delmor,Piddlesden,Male,dpiddlesdenbp,dpiddlesdenbp@smugmug.com,Miyagi University,Kyrgyz
423,Ody,Luckings,Male,oluckingsbq,oluckingsbq@bandcamp.com,International Sakharov Environmental University,Tajik
424,Imogene,Bampkin,Female,ibampkinbr,ibampkinbr@un.org,Southwest Jiaotong University,Bulgarian
425,Rey,Wasteney,Male,rwasteneybs,rwasteneybs@chron.com,Esztergom Theological College,Kazakh
426,Ira,Assiratti,Male,iassirattibt,iassirattibt@gnu.org,Christian Brothers University,Punjabi
427,Dominique,Falk,Bigender,dfalkbu,dfalkbu@slashdot.org,NAES College,Kurdish
428,Ilario,Padgett,Male,ipadgettbv,ipadgettbv@digg.com,Kyushu Dental College,Swedish
429,Neron,Clift,Male,ncliftbw,ncliftbw@jigsy.com,Bennett College,Kurdish
430,Mendel,Sire,Male,msirebx,msirebx@sakura.ne.jp,Trakia University Stara Zagora,Haitian Creole
431,Irv,Dudhill,Male,idudhillby,idudhillby@printfriendly.com,Universidad Andina del Cusco,Norwegian
432,Clayborn,Ettridge,Male,cettridgebz,cettridgebz@sbwire.com,Southern California College of Optometry,Finnish
433,Erinna,Creser,Female,ecreserc0,ecreserc0@bravesites.com,University of Goroka,Nepali
434,Udell,Molohan,Male,umolohanc1,umolohanc1@tamu.edu,Chongqing University of Communications,Kyrgyz
435,Angelo,Gemlett,Male,agemlettc2,agemlettc2@theguardian.com,Gunma University,Dzongkha
436,Chrysler,Eastope,Female,ceastopec3,ceastopec3@rakuten.co.jp,Kigali Institute of Education,Māori
437,Lorrie,Ibbs,Male,libbsc4,libbsc4@rakuten.co.jp,National University of Food Technologies,Bislama
438,Randall,Waltho,Male,rwalthoc5,rwalthoc5@homestead.com,University of Portland,Khmer
439,Isabelle,Leathard,Female,ileathardc6,ileathardc6@bloglines.com,Kabul Medical University,Japanese
440,Norean,Gillyatt,Female,ngillyattc7,ngillyattc7@weebly.com,University School of Physical Education,Azeri
441,Audie,Mapes,Female,amapesc8,amapesc8@netlog.com,Comenius University in Bratislava,Croatian
442,Mariquilla,Madgin,Female,mmadginc9,mmadginc9@wikimedia.org,Free University Stockholm,Telugu
443,Fairlie,Barley,Male,fbarleyca,fbarleyca@google.nl,Columbus College of Art and Design,Papiamento
444,Thomasina,Philimore,Female,tphilimorecb,tphilimorecb@prnewswire.com,Philosophisch-Theologische Hochschule Vallendar der Gesellschaft des Katholischen Apostolates (Pallottiner),Dari
445,Natal,Miere,Male,nmierecc,nmierecc@usda.gov,Tajikistan International University,Māori
446,Lazar,Alekseicik,Male,lalekseicikcd,lalekseicikcd@hc360.com,University of the Faroe Islands,Dari
447,Wood,Opy,Male,wopyce,wopyce@netlog.com,"Indian Institute of Technology, Hyderabad",Montenegrin
448,Saundra,Threlkeld,Male,sthrelkeldcf,sthrelkeldcf@dmoz.org,"Rajamangala University of Technology, Lanna Nan",Bosnian
449,Sheila,Mennithorp,Female,smennithorpcg,smennithorpcg@bbb.org,Moldova State University,New Zealand Sign Language
450,Patty,Hattam,Female,phattamch,phattamch@google.nl,Jackson State University,Tetum
451,Jazmin,Bridson,Female,jbridsonci,jbridsonci@house.gov,Nile Valley University,Gujarati
452,Avrit,Summerhayes,Female,asummerhayescj,asummerhayescj@sogou.com,Brno University of Technology,Dari
453,Sapphire,Swetman,Female,sswetmanck,sswetmanck@surveymonkey.com,State University of West Georgia,English
454,Doe,Birchill,Bigender,dbirchillcl,dbirchillcl@moonfruit.com,Shanghai Medical University,Maltese
455,Joaquin,McSparran,Genderfluid,jmcsparrancm,jmcsparrancm@cocolog-nifty.com,Adler School of Professional Psychology,Azeri
456,Ree,Fihelly,Female,rfihellycn,rfihellycn@bigcartel.com,Grambling State University,Tetum
457,Dallas,Gayne,Female,dgayneco,dgayneco@sciencedaily.com,Zayed University,Catalan
458,Louisette,Crosi,Female,lcrosicp,lcrosicp@guardian.co.uk,Amity University,Macedonian
459,Arthur,Felder,Genderqueer,afeldercq,afeldercq@wiley.com,Northeastern State University,Sotho
460,Daren,Dehmel,Male,ddehmelcr,ddehmelcr@weebly.com,The New College,Assamese
461,Bessie,Hunnicutt,Female,bhunnicuttcs,bhunnicuttcs@aboutads.info,North University of Baia Mare,Marathi
462,Elsie,Ogers,Female,eogersct,eogersct@walmart.com,State University of New York College at Geneseo,Icelandic
463,Rowland,Raddish,Male,rraddishcu,rraddishcu@google.com.hk,University of Portharcourt,Afrikaans
464,Clim,Simonnot,Male,csimonnotcv,csimonnotcv@unesco.org,University of Zilinska,Finnish
465,Gerladina,Lampaert,Female,glampaertcw,glampaertcw@ft.com,Universidade Catolica Portuguesa,Albanian
466,Charlton,Sich,Male,csichcx,csichcx@ibm.com,Ecole Nationale Supérieure Agronomique de Toulouse,Papiamento
467,Mikkel,Wimes,Bigender,mwimescy,mwimescy@cocolog-nifty.com,Istanbul Arel University,Tajik
468,Chet,Woodeson,Male,cwoodesoncz,cwoodesoncz@list-manage.com,Swarthmore College,Tsonga
469,Derron,Varnals,Male,dvarnalsd0,dvarnalsd0@bbc.co.uk,St. John Fisher College,Polish
470,Madelaine,Bayly,Female,mbaylyd1,mbaylyd1@china.com.cn,"Concordia University, Irvine",Malayalam
471,Josephina,Tomasek,Genderfluid,jtomasekd2,jtomasekd2@soundcloud.com,Mu' tah University,Hindi
472,Reed,McDuffie,Male,rmcduffied3,rmcduffied3@so-net.ne.jp,"Rajamangala University of Technology, Lanna Chiang Rai",Haitian Creole
473,Carlen,Stileman,Female,cstilemand4,cstilemand4@thetimes.co.uk,Trinity International University,Czech
474,Brooks,Pidgeley,Female,bpidgeleyd5,bpidgeleyd5@cocolog-nifty.com,"School of Oriental and African Studies, University of London",Montenegrin
475,Dionisio,Cordelet,Male,dcordeletd6,dcordeletd6@furl.net,Tafila Technical University ,Dzongkha
476,Lethia,Blackbourn,Female,lblackbournd7,lblackbournd7@spotify.com,Massachusetts Maritime Academy,Thai
477,Niall,Eby,Male,nebyd8,nebyd8@timesonline.co.uk,Gannon University,Macedonian
478,Jonie,Sloat,Female,jsloatd9,jsloatd9@wunderground.com,Hendrix College,Tetum
479,Martie,Brownscombe,Male,mbrownscombeda,mbrownscombeda@nasa.gov,Cankaya University,Lithuanian
480,Orren,Lynn,Male,olynndb,olynndb@sitemeter.com,"National Institute of Technology, Warangal",Filipino
481,Justino,Germann,Male,jgermanndc,jgermanndc@opensource.org,Universidad Andina Nestor Caceares Velasquez,Korean
482,Fairleigh,Targe,Male,ftargedd,ftargedd@yahoo.com,Sistema Universitario Ana G. Méndez,Dutch
483,Gilli,Kirkbride,Female,gkirkbridede,gkirkbridede@google.fr,Universidad Odontológica Dominicana,Pashto
484,Yurik,Atcock,Male,yatcockdf,yatcockdf@bloglines.com,Fachhochschule Erfurt,Dhivehi
485,Karole,Lavalle,Female,klavalledg,klavalledg@businessinsider.com,Sher-E-Kashmir University of Agricultural Sciences and Technology,Czech
486,Seward,Custed,Male,scusteddh,scusteddh@intel.com,Alabama Agricultural and Mechanical University,Quechua
487,Theo,Treat,Male,ttreatdi,ttreatdi@live.com,University of Suceava,Croatian
488,Benedick,Weyland,Male,bweylanddj,bweylanddj@fastcompany.com,Nile Valley University,Oriya
489,Stafani,Jewar,Female,sjewardk,sjewardk@howstuffworks.com,Aichi Bunkyo University,Aymara
490,Anestassia,Cardus,Female,acardusdl,acardusdl@google.co.uk,Mercyhurst College,Persian
491,Greta,Allder,Female,gallderdm,gallderdm@geocities.jp,Anadolu University,Swedish
492,Stanly,Albers,Male,salbersdn,salbersdn@jiathis.com,Danang College Of Technology,Kashmiri
493,Martyn,Caldroni,Male,mcaldronido,mcaldronido@blogger.com,Universidad Antonio Nariño,Haitian Creole
494,Darline,Romme,Female,drommedp,drommedp@discovery.com,Ivanovo State University of Chemistry and Technology,Bislama
495,Velvet,MacSorley,Female,vmacsorleydq,vmacsorleydq@oaic.gov.au,Instituto Politécnico de Setúbal,Pashto
496,Leo,Faithfull,Male,lfaithfulldr,lfaithfulldr@bbb.org,Neijiang Teacher University,Hindi
497,Ralina,Lewerenz,Female,rlewerenzds,rlewerenzds@amazonaws.com,Walcz College,Irish Gaelic
498,Essy,Purslow,Female,epurslowdt,epurslowdt@walmart.com,Marymount College New York,Thai
499,Paulie,Ross,Female,prossdu,prossdu@ezinearticles.com,Alsadrain University,Ndebele
500,Allis,Scardifeild,Female,ascardifeilddv,ascardifeilddv@facebook.com,Chadron State College,Punjabi
501,Tiphanie,Walkley,Bigender,twalkleydw,twalkleydw@bloglines.com,University of Baguio,Bosnian
502,Bernie,Jozwik,Female,bjozwikdx,bjozwikdx@businessinsider.com,Free University Amsterdam,Kurdish
503,Brana,Starbeck,Female,bstarbeckdy,bstarbeckdy@abc.net.au,Bellarmine College,New Zealand Sign Language
504,Sacha,Dowdle,Non-binary,sdowdledz,sdowdledz@artisteer.com,Université Abdelmalek Essadi,Swedish
505,Thorn,Jenton,Male,tjentone0,tjentone0@mayoclinic.com,University of the City of Manila,English
506,Paddie,O'Toole,Male,potoolee1,potoolee1@indiatimes.com,"Universidad Pedagógica ""José Martí"", Camagüey",Yiddish
507,Dale,Eburne,Male,deburnee2,deburnee2@cdc.gov,Universidad Norbert Wiener,Dutch
508,Bondon,Andreia,Male,bandreiae3,bandreiae3@flickr.com,Quaid-i-Azam University,Fijian
509,Quinta,Gaukrodge,Female,qgaukrodgee4,qgaukrodgee4@list-manage.com,Institut Supérieur de Commerce et d'Administration des Entreprises,Pashto
510,Thomas,McMillan,Male,tmcmillane5,tmcmillane5@ed.gov,University of Huddersfield,Polish
511,Gibby,Hawson,Agender,ghawsone6,ghawsone6@go.com,University of the Western Cape,Assamese
512,Sunny,Wolvey,Male,swolveye7,swolveye7@edublogs.org,University of Nebraska (System),Ndebele
513,Berton,Downing,Male,bdowninge8,bdowninge8@google.it,Bost University,Tetum
514,Rock,Abdon,Male,rabdone9,rabdone9@google.com.br,Dániel Berzsenyi Teacher Training College,Yiddish
515,Patric,Ezzell,Male,pezzellea,pezzellea@wikia.com,West Liberty State College,Lithuanian
516,Myca,Brasener,Male,mbrasenereb,mbrasenereb@google.co.uk,Sirte University,Dutch
517,Shurlock,Adamik,Male,sadamikec,sadamikec@nature.com,Shenyang Pharmaceutical University,Somali
518,Sissy,Pentercost,Agender,spentercosted,spentercosted@gmpg.org,Bulacan State University,Lao
519,Ray,Toolin,Male,rtoolinee,rtoolinee@cam.ac.uk,Universidad Andina Simón Bolivar,Ndebele
520,Geri,Barrabeale,Male,gbarrabealeef,gbarrabealeef@google.com.br,Eastern Connecticut State University,Arabic
521,Sayre,Fallowfield,Genderqueer,sfallowfieldeg,sfallowfieldeg@odnoklassniki.ru,Southern University - New Orleans,Macedonian
522,Felecia,Foran,Female,fforaneh,fforaneh@bloglines.com,University of Michigan - Dearborn,Marathi
523,Carrol,Gimenez,Male,cgimenezei,cgimenezei@wiley.com,Vinoba Bhave University,Afrikaans
524,Micah,Antoniat,Male,mantoniatej,mantoniatej@pcworld.com,People' s Friendship University of Russia,Swahili
525,Joey,Casolla,Female,jcasollaek,jcasollaek@google.it,West Visayas State University,Northern Sotho
526,Douglas,Dorning,Male,ddorningel,ddorningel@omniture.com,Universität Kaiserslautern,Dari
527,Rufus,Robertot,Male,rrobertotem,rrobertotem@diigo.com,Phillips-Universität Marburg,Dari
528,Sidonia,Kenson,Genderqueer,skensonen,skensonen@time.com,Stenden University,Sotho
529,Walton,Wardington,Male,wwardingtoneo,wwardingtoneo@howstuffworks.com,Taiz University,Mongolian
530,Mora,Bladge,Female,mbladgeep,mbladgeep@cocolog-nifty.com,Fairmont State College,Dari
531,Alethea,Falvey,Female,afalveyeq,afalveyeq@storify.com,University of the Italian-speaking Part of Switzerland,Afrikaans
532,Brunhilde,McIlvenny,Agender,bmcilvennyer,bmcilvennyer@delicious.com,St. Luke's College,Indonesian
533,Bonnibelle,Ilyas,Polygender,bilyases,bilyases@discovery.com,Hariri Canadian University,Pashto
534,Meier,McChruiter,Male,mmcchruiteret,mmcchruiteret@nps.gov,The Federal Polytechnic Offa,Armenian
535,Silvan,Chown,Male,schowneu,schowneu@themeforest.net,Silesian Technical University of Gliwice,Filipino
536,Teador,De Freyne,Agender,tdefreyneev,tdefreyneev@cyberchimps.com,Bloomsburg University of Pennsylvania,Bislama
537,Eldredge,Fulkes,Male,efulkesew,efulkesew@theatlantic.com,Silesian University,Kannada
538,Midge,Gosson,Female,mgossonex,mgossonex@xinhuanet.com,Université de Toamasina,Georgian
539,Melinde,Seely,Female,mseelyey,mseelyey@whitehouse.gov,Sichuan Normal University,Kashmiri
540,Wynnie,Harvie,Female,wharvieez,wharvieez@chron.com,"Yorker International University, Milano",Tswana
541,Phillie,Kroin,Female,pkroinf0,pkroinf0@omniture.com,Barat College,Kyrgyz
542,Mil,Ferrini,Female,mferrinif1,mferrinif1@dropbox.com,Paul University,German
543,Karlotta,Jurgen,Female,kjurgenf2,kjurgenf2@oracle.com,Philadelphia University,Japanese
544,Farlee,Karlqvist,Male,fkarlqvistf3,fkarlqvistf3@opensource.org,Universidade Metropolitana de Santos,Hungarian
545,Willow,Baxter,Female,wbaxterf4,wbaxterf4@fotki.com,Universiti Kuala Lumpur,Polish
546,Ansley,Carwardine,Female,acarwardinef5,acarwardinef5@sphinn.com,China University of Mining Technology - Xuzhou,Kashmiri
547,Jordain,Caffery,Agender,jcafferyf6,jcafferyf6@ft.com,Tsinghua University,Swedish
548,Nolan,Bensen,Male,nbensenf7,nbensenf7@jugem.jp,Fachhochschule Lübeck,Quechua
549,Raimundo,Sloan,Male,rsloanf8,rsloanf8@harvard.edu,Busoga University,Quechua
550,Armstrong,Goodby,Male,agoodbyf9,agoodbyf9@bbc.co.uk,Alabama State University,Kazakh
551,Rozalin,Pipping,Female,rpippingfa,rpippingfa@smh.com.au,University of Lincoln,Kyrgyz
552,Ibby,Brumbye,Female,ibrumbyefb,ibrumbyefb@booking.com,Gomel State University Francisk Scarnia,Irish Gaelic
553,Kippie,Haxbie,Male,khaxbiefc,khaxbiefc@soup.io,Fachhochschule Lippe,Marathi
554,Lauraine,Crammy,Female,lcrammyfd,lcrammyfd@webnode.com,Belgorod State Technical University,Tok Pisin
555,Miriam,Jakubiak,Female,mjakubiakfe,mjakubiakfe@sciencedaily.com,University of Medicine and Dentistry of New Jersey,Punjabi
556,Kirsteni,Mein,Female,kmeinff,kmeinff@google.ru,Misan University,Hungarian
557,Natka,Cowlas,Female,ncowlasfg,ncowlasfg@github.io,Universitas Darma Agung,Azeri
558,Holly,Tremellier,Male,htremellierfh,htremellierfh@eepurl.com,Hochschule Albstadt-Sigmaringen,Hindi
559,Louisette,Matson,Female,lmatsonfi,lmatsonfi@home.pl,Thomas More College,Chinese
560,Onofredo,Wollacott,Male,owollacottfj,owollacottfj@mayoclinic.com,"Concordia College, Selma",Indonesian
561,Fanny,Dodding,Agender,fdoddingfk,fdoddingfk@yellowbook.com,Pennsylvania State University at Erie - Behrend College,Yiddish
562,Beltran,Stripling,Male,bstriplingfl,bstriplingfl@digg.com,Florida Community College at Jacksonville,Punjabi
563,Joannes,Mashal,Female,jmashalfm,jmashalfm@alexa.com,Capital University of Medical Sciences,Tsonga
564,Tate,Tollett,Male,ttollettfn,ttollettfn@1und1.de,Universidad de La Frontera,Croatian
565,Melany,Antat,Female,mantatfo,mantatfo@sun.com,Tiraspol State University,Nepali
566,Mallissa,Rossborough,Female,mrossboroughfp,mrossboroughfp@woothemes.com,Ohio State University,Assamese
567,Flossi,Abbett,Female,fabbettfq,fabbettfq@chronoengine.com,Union College,Moldovan
568,Windham,Nayer,Male,wnayerfr,wnayerfr@icq.com,Universidad de Quintana Roo,Kashmiri
569,Laural,Guye,Female,lguyefs,lguyefs@amazon.com,Imam Reza University,Māori
570,Hannah,Francklin,Female,hfrancklinft,hfrancklinft@cdc.gov,Suzuka International University,Sotho
571,Nevsa,Fawloe,Female,nfawloefu,nfawloefu@studiopress.com,Second University of Naples,Dari
572,Mildrid,Legge,Female,mleggefv,mleggefv@cnn.com,Universidad Valle del Grijalva,Marathi
573,Patrizio,Carless,Male,pcarlessfw,pcarlessfw@cisco.com,School of the Visual Arts,Danish
574,Reginald,Rankine,Male,rrankinefx,rrankinefx@bandcamp.com,Thompson Rivers University,Bosnian
575,Delila,Dyet,Female,ddyetfy,ddyetfy@nifty.com,Peking University,Estonian
576,Ricki,Mitchley,Male,rmitchleyfz,rmitchleyfz@skype.com,Sardarkrushinagar Dantiwada Agricultural University,Swati
577,Connor,Bartolomeotti,Male,cbartolomeottig0,cbartolomeottig0@mashable.com,Iglobal University,Mongolian
578,Vinnie,Reeders,Female,vreedersg1,vreedersg1@bluehost.com,Tai Solarin University of Education,Gujarati
579,Blondie,Goggins,Female,bgogginsg2,bgogginsg2@dmoz.org,Atlantic International University,Irish Gaelic
580,Weidar,Adams,Male,wadamsg3,wadamsg3@github.com,University of Music and Fine Arts,Macedonian
581,Andras,Prosch,Polygender,aproschg4,aproschg4@army.mil,Universitas 17 Agustus 1945 Semarang,Norwegian
582,Abran,Macia,Male,amaciag5,amaciag5@irs.gov,Aalborg University,Persian
583,Drusi,Dur,Female,ddurg6,ddurg6@uiuc.edu,"Institute of Teachers Education, Temenggong Ibrahim",Tamil
584,Johnette,Farncombe,Female,jfarncombeg7,jfarncombeg7@guardian.co.uk,3rd Military Medical University,Armenian
585,Alanson,Redwing,Male,aredwingg8,aredwingg8@macromedia.com, L.D.College of Engineering,Bengali
586,Gussy,Rablan,Genderfluid,grablang9,grablang9@typepad.com,Langara College,Maltese
587,Roxi,Tweedlie,Female,rtweedliega,rtweedliega@unesco.org,Hardin-Simmons University,French
588,Lizzy,Ambrogio,Female,lambrogiogb,lambrogiogb@loc.gov,Fisher College,Hebrew
589,Red,Betteney,Male,rbetteneygc,rbetteneygc@latimes.com,Kiriri Womens University of Science and Technology,Luxembourgish
590,Gav,Crothers,Male,gcrothersgd,gcrothersgd@infoseek.co.jp,Benadir University,Chinese
591,Lesly,Mogridge,Female,lmogridgege,lmogridgege@bigcartel.com,University of Waterloo,Bosnian
592,Harold,Leacy,Male,hleacygf,hleacygf@cyberchimps.com,Alexandria University,Haitian Creole
593,Ronica,Portis,Female,rportisgg,rportisgg@blogs.com,Ecole Nationale Supérieure des Mines de Nancy,Croatian
594,Belita,Flips,Female,bflipsgh,bflipsgh@mtv.com,University of Milan - Bicocca,Gagauz
595,Olivette,Semmens,Female,osemmensgi,osemmensgi@sakura.ne.jp,Benedictine University,Montenegrin
596,Dasi,Goold,Female,dgooldgj,dgooldgj@admin.ch,National Pingtung University of Science and Technology,Azeri
597,Anneliese,Jozsa,Female,ajozsagk,ajozsagk@slashdot.org,International Kazakh-Turkish University,Dari
598,Otis,Gailor,Male,ogailorgl,ogailorgl@histats.com,Saint Louis College,Catalan
599,Berne,Phebee,Male,bphebeegm,bphebeegm@examiner.com,Hahnamann Honoeopathic Medical College,Nepali
600,Eben,Jehan,Male,ejehangn,ejehangn@multiply.com,Universidad de Sevilla,Telugu
601,Gaylor,Ralling,Male,grallinggo,grallinggo@reddit.com,Kaboora Institute of Higher Education,Punjabi
602,Daven,Lucian,Male,dluciangp,dluciangp@cnet.com,"Institute of Teachers Education, Keningau",Spanish
603,Gannie,Bucklan,Male,gbucklangq,gbucklangq@typepad.com,"Tecnologico de Baja California, Universidad",Oriya
604,Hal,Dalliwatr,Male,hdalliwatrgr,hdalliwatrgr@nymag.com,Zhongnan University of Finance and Economics,Dhivehi
605,Jana,Holme,Female,jholmegs,jholmegs@macromedia.com,Tokyo University of Pharmacy and Life Science,Khmer
606,Ericha,Paddemore,Female,epaddemoregt,epaddemoregt@npr.org,Bethany College West Virginia,Croatian
607,Mufinella,Beddon,Female,mbeddongu,mbeddongu@reverbnation.com,University of South Bohemia,Gagauz
608,Caye,Sandham,Female,csandhamgv,csandhamgv@baidu.com,Clearwater Christian College,Lithuanian
609,Herminia,Wrathall,Female,hwrathallgw,hwrathallgw@freewebs.com,National University of Food Technologies,Bislama
610,Katleen,Keaves,Female,kkeavesgx,kkeavesgx@cmu.edu,University of Sussex,Dhivehi
611,Antone,Whitehorne,Male,awhitehornegy,awhitehornegy@cbsnews.com,Centro de Estudios Avanzados de Puerto Rico y el Caribe,Portuguese
612,Madelon,Mates,Female,mmatesgz,mmatesgz@barnesandnoble.com,Central College,Persian
613,Kirbie,Nesfield,Female,knesfieldh0,knesfieldh0@sun.com,Liberty University,Tajik
614,Betsey,Magnay,Female,bmagnayh1,bmagnayh1@mit.edu,Palawan State University,Marathi
615,Moyra,Ashlin,Female,mashlinh2,mashlinh2@archive.org,Medizinische Universität Graz,Telugu
616,Briano,Pavolillo,Male,bpavolilloh3,bpavolilloh3@smh.com.au,Takhar University,Dari
617,Aile,Ludron,Female,aludronh4,aludronh4@posterous.com,Universitas Dian Nuswantoro,Mongolian
618,Orelee,Bollen,Female,obollenh5,obollenh5@hc360.com,Judson College Elgin,Dutch
619,Nike,Bouchier,Female,nbouchierh6,nbouchierh6@army.mil,Universidad Hispanoamericana,Thai
620,Marena,Faragher,Female,mfaragherh7,mfaragherh7@ca.gov,Kuvempu University,Kannada
621,Vale,Gabbitas,Male,vgabbitash8,vgabbitash8@cbslocal.com,Randolph-Macon College,Assamese
622,Levy,Drinnan,Male,ldrinnanh9,ldrinnanh9@si.edu,Centro Universitário de João Pessoa,Arabic
623,Zachary,Sedgemore,Male,zsedgemoreha,zsedgemoreha@marketwatch.com,Yaroslavl State Technical University,Bislama
624,Walsh,Pressdee,Male,wpressdeehb,wpressdeehb@myspace.com,University Institute of Oriental Studies,Swati
625,Rivy,Twigley,Female,rtwigleyhc,rtwigleyhc@tiny.cc,St. Louis College of Pharmacy,Swedish
626,Benson,Sebring,Male,bsebringhd,bsebringhd@typepad.com,"Rasmussen College, Minnesota Campuses",Fijian
627,Jaquith,Brinded,Female,jbrindedhe,jbrindedhe@nydailynews.com,Universitas Bhayangkara Surabaya,Burmese
628,Danice,Leate,Female,dleatehf,dleatehf@clickbank.net,Pädagogische Hochschule Erfurt/Mühlhausen,New Zealand Sign Language
629,Amy,Balstone,Female,abalstonehg,abalstonehg@bandcamp.com,Luther College,Gujarati
630,Maximilian,Vasilchikov,Male,mvasilchikovhh,mvasilchikovhh@nymag.com,Eastern University,Bosnian
631,Irving,Hennemann,Agender,ihennemannhi,ihennemannhi@live.com,Arabian Gulf University,Persian
632,Ignace,Udale,Male,iudalehj,iudalehj@edublogs.org,University of Tartu,Tok Pisin
633,Magnum,Sarrell,Male,msarrellhk,msarrellhk@pagesperso-orange.fr,Iran University of Science and Technology Tehran,Czech
634,Cristen,Clutterbuck,Female,cclutterbuckhl,cclutterbuckhl@jugem.jp,"Physical Education Academy ""Eugeniusz Piasecki"" in Poznan",Aymara
635,Chrystel,Dannett,Female,cdannetthm,cdannetthm@imdb.com,Zawiya Academy,Swedish
636,Denyse,Pauley,Female,dpauleyhn,dpauleyhn@vinaora.com,Pedagogical University of Krakow,Japanese
637,Meagan,Baumadier,Female,mbaumadierho,mbaumadierho@google.com.hk,University of Science and Technology,Bislama
638,Terri-jo,Di Giacomettino,Female,tdigiacomettinohp,tdigiacomettinohp@shinystat.com,Okinawa International University,Portuguese
639,Caro,Newsham,Polygender,cnewshamhq,cnewshamhq@sina.com.cn,Berne University,Catalan
640,Norine,Frissell,Female,nfrissellhr,nfrissellhr@tinypic.com,National Academy of Arts,Icelandic
641,Geri,Yoell,Male,gyoellhs,gyoellhs@vk.com,University of Salerno,Polish
642,Colene,Spivie,Female,cspivieht,cspivieht@gmpg.org,Bangladesh Open University,Oriya
643,Inness,Gentil,Male,igentilhu,igentilhu@lycos.com,West Virginia School of Osteopathic Medicine,Tetum
644,Lian,Thunnercliff,Female,lthunnercliffhv,lthunnercliffhv@fotki.com,Washington College,Lao
645,Angy,Phelips,Female,aphelipshw,aphelipshw@soundcloud.com,Dawood College of Engineering and Technology,Dari
646,Ursula,Popworth,Female,upopworthhx,upopworthhx@ed.gov,United States Military Academy,Dzongkha
647,Chan,Vowden,Male,cvowdenhy,cvowdenhy@wordpress.org,University of Aleppo,Georgian
648,Samson,Trees,Male,streeshz,streeshz@blogtalkradio.com,Osaka University of Education,Guaraní
649,Rodie,McKevitt,Female,rmckevitti0,rmckevitti0@alexa.com,Fachhochschule Bielefeld,Haitian Creole
650,Nelle,Thake,Female,nthakei1,nthakei1@last.fm,University of NorthWest,Thai
651,Alena,Genery,Female,ageneryi2,ageneryi2@hubpages.com,Mendeleev Russian University of Chemical Technology,Montenegrin
652,Mayer,Tackle,Male,mtacklei3,mtacklei3@ucla.edu,Baqai Medical University,Gagauz
653,Mitzi,Newdick,Female,mnewdicki4,mnewdicki4@wordpress.com,Massachusetts College of Liberal Arts,Fijian
654,Othella,Litchfield,Female,olitchfieldi5,olitchfieldi5@squidoo.com,Razi University,Kannada
655,Jordan,Vedekhov,Male,jvedekhovi6,jvedekhovi6@aboutads.info,University of East Asia,Montenegrin
656,Meggi,Priter,Female,mpriteri7,mpriteri7@berkeley.edu,Aventis School of Management,Afrikaans
657,Brenna,Kinglake,Female,bkinglakei8,bkinglakei8@boston.com,"Universidad Católica Boliviana, Tarija",West Frisian
658,Grannie,West-Frimley,Male,gwestfrimleyi9,gwestfrimleyi9@netlog.com,Universidad Adventista de Colombia,Yiddish
659,Donnell,Tofful,Agender,dtoffulia,dtoffulia@thetimes.co.uk,"Instituto de Artes Visuais, Design e Marketing - IADE",Dzongkha
660,Dell,Pallesen,Female,dpallesenib,dpallesenib@statcounter.com,Universidad Nacional de General San Martín,Kurdish
661,Genvieve,Whyte,Polygender,gwhyteic,gwhyteic@tinyurl.com,Western International University,Malagasy
662,Myrtia,Wickardt,Female,mwickardtid,mwickardtid@ocn.ne.jp,Universidad Madero,Oriya
663,Daryl,Renney,Female,drenneyie,drenneyie@usa.gov,"Fachhochschule Rosenheim, Hochschule für Technik und Wirtschaft",Albanian
664,Izzy,Burgoyne,Male,iburgoyneif,iburgoyneif@adobe.com,Meredith College,Croatian
665,Justinian,Dineges,Male,jdinegesig,jdinegesig@globo.com,Universidad Nacional de Jujuy,Māori
666,Nels,Stockhill,Male,nstockhillih,nstockhillih@cam.ac.uk,Pontifcia Università Gregoriana,Bengali
667,Laurene,Harries,Female,lharriesii,lharriesii@house.gov,Shawnee Community College,Dutch
668,Dorian,Arlett,Male,darlettij,darlettij@plala.or.jp,University of Wisconsin - Madison,Zulu
669,Bradly,Trenholme,Male,btrenholmeik,btrenholmeik@facebook.com,Baldwin-Wallace College,Macedonian
670,Janean,Tryme,Female,jtrymeil,jtrymeil@pagesperso-orange.fr,Universidad de Ciencias y Artes de Chiapas,Danish
671,Eduard,Barns,Male,ebarnsim,ebarnsim@shutterfly.com,Rheinisch Westfälische Technische Hochschule Aachen,Oriya
672,Drusi,Morgan,Female,dmorganin,dmorganin@w3.org,Rusangu University,Italian
673,Jamil,Snazle,Non-binary,jsnazleio,jsnazleio@nsw.gov.au,Kakatiya University,Guaraní
674,Merrie,Bittany,Genderfluid,mbittanyip,mbittanyip@woothemes.com,Universidad de las Américas - Puebla,Macedonian
675,Ingrim,Armor,Male,iarmoriq,iarmoriq@tumblr.com,University of King's College,Icelandic
676,Lyman,Rothon,Male,lrothonir,lrothonir@instagram.com,Universidad Nacional Pedro Henríquez Ureña,Pashto
677,Gardiner,Stavers,Male,gstaversis,gstaversis@google.co.uk,Delhi College of Engineering (DCE),West Frisian
678,Tallou,Nelthorp,Female,tnelthorpit,tnelthorpit@dyndns.org,Hunan Normal University,Norwegian
679,Elinore,Filpo,Female,efilpoiu,efilpoiu@indiatimes.com,Centro Universitario Villanueva,Hiri Motu
680,Kathie,De Ruggiero,Female,kderuggieroiv,kderuggieroiv@marketwatch.com,Manonmaniam Sundaranar University,Dari
681,Gavan,Duplock,Male,gduplockiw,gduplockiw@creativecommons.org,Tambov State Technical University,Gagauz
682,Hube,Wastall,Male,hwastallix,hwastallix@ucoz.com,Wenzhou Medical College,Azeri
683,Ginni,Lampens,Female,glampensiy,glampensiy@businessweek.com,Universidad Anáhuac del Sur,English
684,Randall,Bass,Male,rbassiz,rbassiz@mozilla.com,Université de Technologie de Compiègne,Quechua
685,Loralee,Rapaport,Female,lrapaportj0,lrapaportj0@google.fr,Escuela de Administración de Negocios,Thai
686,Sloane,Vasse,Genderqueer,svassej1,svassej1@networkadvertising.org,Universidad Michoacana de San Nicolás de Hidalgo,Somali
687,Chickie,Hoodlass,Male,choodlassj2,choodlassj2@pbs.org,Ulaanbaatar University,Afrikaans
688,Killy,Just,Polygender,kjustj3,kjustj3@bluehost.com,Universidad Internacional de las Américas,Czech
689,Lizbeth,Daymont,Female,ldaymontj4,ldaymontj4@webnode.com,Yamaguchi University,Icelandic
690,Haleigh,Crockley,Genderqueer,hcrockleyj5,hcrockleyj5@odnoklassniki.ru,"Institute of Teachers Education, Tun Hussein Onn",Kashmiri
691,Reginald,Lathleiff,Male,rlathleiffj6,rlathleiffj6@smh.com.au,Belarussian State Agrarian Technical University,Luxembourgish
692,Cassey,Baumber,Female,cbaumberj7,cbaumberj7@jimdo.com,Butler University,English
693,Forester,Fitchell,Agender,ffitchellj8,ffitchellj8@arizona.edu,Ecole Nationale Supérieure d'Ingénieurs en Mécanique et Energétique de Valenciennes,Māori
694,Toinette,Gebuhr,Female,tgebuhrj9,tgebuhrj9@google.ru,University of Liberal Arts,Macedonian
695,Ola,Cominello,Female,ocominelloja,ocominelloja@wix.com,Omsk State Agrarian University,Mongolian
696,Ebenezer,Ruoff,Male,eruoffjb,eruoffjb@europa.eu,Universidade Fernando Pessoa,Somali
697,Eddi,Gardner,Female,egardnerjc,egardnerjc@cmu.edu,Université Paris Nord (Paris XIII),Polish
698,Roobbie,Batram,Female,rbatramjd,rbatramjd@google.es,Emanuel University,Assamese
699,Hasheem,Lempel,Male,hlempelje,hlempelje@hhs.gov,Southwest Petroleum University,Dari
700,Hurley,Brosel,Male,hbroseljf,hbroseljf@usa.gov,Universitas Katolik Widya Manadala,Portuguese
701,Michaelina,Hickford,Female,mhickfordjg,mhickfordjg@naver.com,Near East School of Theology,Irish Gaelic
702,Walt,Lawty,Male,wlawtyjh,wlawtyjh@flavors.me,Philadelphia College of Osteopathic Medicine,Luxembourgish
703,Ursola,Wingfield,Female,uwingfieldji,uwingfieldji@discovery.com,St. Mary College,West Frisian
704,Shannan,Brunsdon,Male,sbrunsdonjj,sbrunsdonjj@artisteer.com,"AKAD Hochschulen für Berufstätige, Fachhochschule Leipzig",Khmer
705,Trude,Murty,Female,tmurtyjk,tmurtyjk@google.cn,Philippine Normal University,Hebrew
706,Micky,de Guerre,Bigender,mdeguerrejl,mdeguerrejl@whitehouse.gov,Jahangirnagar University,Portuguese
707,Jasen,Deshon,Male,jdeshonjm,jdeshonjm@123-reg.co.uk,Universidad del Pacifico,Kazakh
708,Chadwick,Bownes,Male,cbownesjn,cbownesjn@weather.com,Indiana University (System),Georgian
709,Gaylene,MacGray,Female,gmacgrayjo,gmacgrayjo@hc360.com,Kabarak University,Bulgarian
710,Olga,Nuss,Female,onussjp,onussjp@mozilla.org,Tobb Economics and Technology University,Kannada
711,Marena,Mapis,Polygender,mmapisjq,mmapisjq@hud.gov,University of Presov,Northern Sotho
712,Tammy,Venners,Male,tvennersjr,tvennersjr@marriott.com,Shandong University of Triaditional Chinese Medicine,Tetum
713,Carlyn,Selcraig,Female,cselcraigjs,cselcraigjs@icio.us,University of Ferrara,West Frisian
714,Pen,Tailby,Male,ptailbyjt,ptailbyjt@umich.edu,Hokkaido Institute of Pharmaceutical Sciences,Pashto
715,Wendye,Le Breton De La Vieuville,Genderqueer,wlebretondelavieuvilleju,wlebretondelavieuvilleju@usnews.com,Union Theological Seminary (UTS),Somali
716,Jamie,Pawelke,Male,jpawelkejv,jpawelkejv@storify.com,Durban Institute of Technology,Georgian
717,Ninnetta,Yanov,Female,nyanovjw,nyanovjw@shinystat.com,"Akrofi-Christaller Institute of Theeology, Mission and  Culture",Portuguese
718,Ernie,Hebbes,Male,ehebbesjx,ehebbesjx@businessinsider.com,Ural State Forestry Technical Academy,Spanish
719,Duffie,Coning,Male,dconingjy,dconingjy@discuz.net,Universidad Autónoma de Santa Ana,Finnish
720,Ruddie,Niland,Male,rnilandjz,rnilandjz@sfgate.com,Nayanova University,Somali
721,Vernor,Sondon,Male,vsondonk0,vsondonk0@pen.io,Hanoi University of Architecture,Dzongkha
722,Boyce,Classen,Male,bclassenk1,bclassenk1@joomla.org,City University,Filipino
723,Elijah,Ionesco,Male,eionescok2,eionescok2@yahoo.com,Adeleke University,Northern Sotho
724,Kristina,Chugg,Genderfluid,kchuggk3,kchuggk3@mozilla.com,Ohio University - Southern,Aymara
725,Bord,Fagan,Male,bfagank4,bfagank4@indiegogo.com,Universidad de Celaya,Kurdish
726,Allene,Corke,Female,acorkek5,acorkek5@zdnet.com,Kalmyk State University,Czech
727,Boycey,Brantzen,Male,bbrantzenk6,bbrantzenk6@redcross.org,Skidmore College,Czech
728,Estevan,Pakeman,Male,epakemank7,epakemank7@canalblog.com,Moody Bible Institute,Amharic
729,Daloris,Toor,Female,dtoork8,dtoork8@mit.edu,Danish University of Education,Belarusian
730,Janka,Aronstam,Female,jaronstamk9,jaronstamk9@dropbox.com,College of New Rochelle,Gujarati
731,Faustine,Waugh,Female,fwaughka,fwaughka@t.co,DCT International Hotel & Business Management School,French
732,Jervis,Rasell,Male,jrasellkb,jrasellkb@fda.gov,Universidad Privada San Juan Bautista,Hebrew
733,Darsey,Pullin,Female,dpullinkc,dpullinkc@springer.com,University of Ballarat,Lao
734,Lelia,Semaine,Female,lsemainekd,lsemainekd@sphinn.com,British College of Osteopathic Medicine,Arabic
735,Kirby,Curbishley,Female,kcurbishleyke,kcurbishleyke@fc2.com,Universitat Internacional de Catalunya,Marathi
736,Cammy,Crocetto,Male,ccrocettokf,ccrocettokf@seesaa.net,Philippine Military Academy,Macedonian
737,Fern,Hazelhurst,Non-binary,fhazelhurstkg,fhazelhurstkg@unicef.org,Al Mansour University College,Ndebele
738,Robb,Skittrall,Male,rskittrallkh,rskittrallkh@census.gov,Instituto Superior de Tecnologias Avançadas - ISTEC,Korean
739,Tate,Leinweber,Male,tleinweberki,tleinweberki@histats.com,Universitas Muhammadiyah Jakarta,New Zealand Sign Language
740,Ewart,Kettlestring,Male,ekettlestringkj,ekettlestringkj@illinois.edu,École Nationale Supérieure d'Ingénieurs de Constructions Aéronautiques,Tswana
741,Bartholomew,Maffioletti,Male,bmaffiolettikk,bmaffiolettikk@msu.edu,Babol University of Medical Sciences,Fijian
742,Lu,Wolfendale,Female,lwolfendalekl,lwolfendalekl@rediff.com,College of Technology at Jazan,Arabic
743,Boyce,Schulze,Male,bschulzekm,bschulzekm@bigcartel.com,Tianjin Medical University,Hungarian
744,Teador,Jelleman,Genderqueer,tjellemankn,tjellemankn@hubpages.com,MGH Institute of Health Professions,Amharic
745,Malvin,Mateus,Male,mmateusko,mmateusko@parallels.com,"Islamic Azad University, Aliabad ",Lithuanian
746,Adam,Tully,Male,atullykp,atullykp@slideshare.net,University of Rajshahi,Malagasy
747,Alair,Thieme,Male,athiemekq,athiemekq@rambler.ru,Graduate School of Business Administration Zurich (GSBA Zurich),Bengali
748,Scott,Grime,Male,sgrimekr,sgrimekr@weibo.com,Koc University,Azeri
749,Shawna,Petroulis,Female,spetroulisks,spetroulisks@dailymail.co.uk,Lynn University,Assamese
750,Portia,Nelle,Female,pnellekt,pnellekt@dedecms.com,Auchi Polytechnic,Bengali
751,Norbert,Cush,Male,ncushku,ncushku@msn.com,Universidad Católica de Santiago de Guayaquil,Bosnian
752,Dario,Padilla,Male,dpadillakv,dpadillakv@dailymail.co.uk,Centre Universitaire de Tebessa,Macedonian
753,Clywd,Farmar,Male,cfarmarkw,cfarmarkw@nature.com,Kitakyushu University,Malayalam
754,Miner,cornhill,Male,mcornhillkx,mcornhillkx@ning.com,Alahgaff University,Bislama
755,Rose,Dyne,Female,rdyneky,rdyneky@last.fm,Barclay College,Greek
756,Bernita,Desorts,Female,bdesortskz,bdesortskz@fastcompany.com,Tohoku Bunka Gakuen University,Assamese
757,Raquela,Bibbie,Female,rbibbiel0,rbibbiel0@mashable.com,Cihan University,Tajik
758,Mady,Blench,Female,mblenchl1,mblenchl1@oracle.com,St. Bonaventure University,Aymara
759,Dalston,Ellershaw,Male,dellershawl2,dellershawl2@umich.edu,Tabriz Islamic Art University,Japanese
760,Bryanty,Glaves,Male,bglavesl3,bglavesl3@google.it,Faulkner University,Ndebele
761,Frank,Cudbertson,Male,fcudbertsonl4,fcudbertsonl4@jalbum.net,Instituto Superior Politécnico Gaya,Moldovan
762,Gretel,Finlaison,Female,gfinlaisonl5,gfinlaisonl5@ebay.com,Hokkaido Information University,Swedish
763,Osbourne,Mumbray,Male,omumbrayl6,omumbrayl6@free.fr,"Fachhochschule und Berufskollegs NTA, Prof.Dr. Grübler gemein. GmbH",Finnish
764,Bev,Challens,Bigender,bchallensl7,bchallensl7@hc360.com,Taipei Physical Education College,Malay
765,Lukas,Schreiner,Bigender,lschreinerl8,lschreinerl8@ning.com,"Indian Institute of Technology, Hyderabad",Papiamento
766,Roman,Broomfield,Male,rbroomfieldl9,rbroomfieldl9@unicef.org,Universidad del Valle de Guatemala,Swahili
767,Greg,Brodest,Male,gbrodestla,gbrodestla@gizmodo.com,International University in Germany,Estonian
768,Sabine,Timblett,Female,stimblettlb,stimblettlb@yandex.ru,Brest State Technical University,Tajik
769,Benton,Fogden,Male,bfogdenlc,bfogdenlc@msu.edu,Universitas Klabat,Punjabi
770,Janeen,Ruppele,Female,jruppeleld,jruppeleld@yahoo.com,The College of Insurance,Haitian Creole
771,Martina,Symes,Genderqueer,msymesle,msymesle@imdb.com,Asian Management Institute,Guaraní
772,Ahmad,Gabbidon,Male,agabbidonlf,agabbidonlf@yahoo.co.jp,Kampala University,Finnish
773,Em,Feldmark,Male,efeldmarklg,efeldmarklg@ca.gov,University of Colorado Health Sciences Center,Sotho
774,Kass,MacNockater,Female,kmacnockaterlh,kmacnockaterlh@tumblr.com,Sunrise University Alwar,Azeri
775,Darrin,Wix,Male,dwixli,dwixli@nymag.com,Universitas Lancang Kuning,Icelandic
776,Celeste,Sackett,Agender,csackettlj,csackettlj@quantcast.com,York University,Persian
777,Park,Tuppeny,Male,ptuppenylk,ptuppenylk@zimbio.com,Fort Hays State University,West Frisian
778,Anabella,Wisam,Female,awisamll,awisamll@cargocollective.com,University of Rajasthan,Dari
779,Gar,Schusterl,Male,gschusterllm,gschusterllm@mayoclinic.com,Ferdowsi University of Mashhad,Thai
780,Kimmie,Ygo,Female,kygoln,kygoln@furl.net,Universidad de San Andres,Marathi
781,Robbert,Farquarson,Male,rfarquarsonlo,rfarquarsonlo@omniture.com,Popakademie Baden-Württemberg,Hebrew
782,Phebe,Yellep,Female,pyelleplp,pyelleplp@list-manage.com,St. John Fisher College,Gujarati
783,Orsa,Cattanach,Female,ocattanachlq,ocattanachlq@epa.gov,Johore Bharu Primeir Polytechnic,Tetum
784,Hart,Heustace,Male,hheustacelr,hheustacelr@istockphoto.com,University of South Carolina - Lancaster,Northern Sotho
785,Linn,Onyon,Female,lonyonls,lonyonls@wired.com,Mie University,Punjabi
786,Josias,Godard,Male,jgodardlt,jgodardlt@squidoo.com,Jönköping University College of Health Sciences,Northern Sotho
787,Stanford,Pendell,Male,spendelllu,spendelllu@google.com.au,Arcadia University,Hebrew
788,Wilie,Dufer,Female,wduferlv,wduferlv@mapquest.com,Universidad de Belgrano,Belarusian
789,Allayne,Oakeshott,Male,aoakeshottlw,aoakeshottlw@mayoclinic.com,Kuvempu University,Thai
790,Becca,Kluss,Female,bklusslx,bklusslx@oracle.com,Ittihad Private University,Telugu
791,Judd,Kesper,Male,jkesperly,jkesperly@i2i.jp,Warsaw School of Information Technology,Northern Sotho
792,Lorrie,Steffans,Female,lsteffanslz,lsteffanslz@qq.com,Maakhir University,Burmese
793,Ogden,Fonso,Male,ofonsom0,ofonsom0@tripod.com,St. Louis University,Tamil
794,Aloysia,Eilhertsen,Female,aeilhertsenm1,aeilhertsenm1@jugem.jp,Fukushima University,Assamese
795,Hamlen,Snary,Genderqueer,hsnarym2,hsnarym2@t.co,Phranakhon Si Ayutthaya Rajabhat University,Hiri Motu
796,Paul,Kildale,Male,pkildalem3,pkildalem3@intel.com,Université de La Rochelle,Gagauz
797,Fernanda,Sidlow,Female,fsidlowm4,fsidlowm4@google.ca,Montana Tech,Azeri
798,Waly,Tough,Female,wtoughm5,wtoughm5@tinypic.com,Open University of Israel,Korean
799,Julie,Beyer,Male,jbeyerm6,jbeyerm6@bbb.org,University of Applied Science and Technology,Arabic
800,Erwin,McCadden,Male,emccaddenm7,emccaddenm7@symantec.com,University of Stavanger,Dari
801,Nikki,O'Calleran,Male,nocalleranm8,nocalleranm8@51.la,Periyar University,Montenegrin
802,Hubey,Beszant,Male,hbeszantm9,hbeszantm9@shutterfly.com,Universidad del Valle de Toluca,Arabic
803,Britt,Tirone,Male,btironema,btironema@oaic.gov.au,New York College of Podiatric Medicine,Malayalam
804,Heidie,McSpirron,Female,hmcspirronmb,hmcspirronmb@privacy.gov.au,Worcester Polytechnic Institute,Marathi
805,Glory,Maddick,Female,gmaddickmc,gmaddickmc@bloglines.com,Universidade Bandeirante de São Paulo,Oriya
806,Chip,Killerby,Male,ckillerbymd,ckillerbymd@altervista.org,Madonna University,Northern Sotho
807,Aldon,Claus,Male,aclausme,aclausme@timesonline.co.uk,Albertus Magnus College,Bosnian
808,Ibrahim,Skittrall,Male,iskittrallmf,iskittrallmf@wikia.com,Nova Scotia College of Art and Design,Papiamento
809,Wandie,Coltart,Female,wcoltartmg,wcoltartmg@mashable.com,Aichi Bunkyo University,Irish Gaelic
810,Jemima,Surgeon,Female,jsurgeonmh,jsurgeonmh@boston.com,Kyambogo University,French
811,Pincas,Brightwell,Male,pbrightwellmi,pbrightwellmi@mashable.com,Rak Medical & Health Sciences University,Korean
812,Veronica,Ottery,Female,votterymj,votterymj@unesco.org,Technische Universität Graz,Indonesian
813,Celestyn,Scandrite,Female,cscandritemk,cscandritemk@ca.gov,University of Bridgeport,Malay
814,Stafford,Fellis,Male,sfellisml,sfellisml@nyu.edu,DePauw University,French
815,Elka,Strafford,Polygender,estraffordmm,estraffordmm@hostgator.com,"Rasmussen College, Wisconsin Campuses",Armenian
816,Gregory,Ruggen,Male,gruggenmn,gruggenmn@slashdot.org,Fukuoka International University,Lithuanian
817,Jenni,Salerno,Female,jsalernomo,jsalernomo@admin.ch,Fujita Health University,Korean
818,Ailsun,Farmer,Female,afarmermp,afarmermp@reuters.com,Istituto Universitario di Studi Superiori,Arabic
819,Sampson,Veysey,Genderfluid,sveyseymq,sveyseymq@infoseek.co.jp,3rd Military Medical University,West Frisian
820,Barny,Bog,Male,bbogmr,bbogmr@hp.com,Prince Sultan University,Maltese
821,Ced,Layton,Male,claytonms,claytonms@wordpress.com,Sultanah Bahiyah Polytechnic,Hebrew
822,Julienne,Danilovitch,Genderqueer,jdanilovitchmt,jdanilovitchmt@google.cn,Crescent University,English
823,Tremayne,Airey,Male,taireymu,taireymu@npr.org,Adigrat University,Kurdish
824,Barrie,Serridge,Female,bserridgemv,bserridgemv@bloglovin.com,University of Malakand,Kannada
825,Cherin,Coke,Female,ccokemw,ccokemw@e-recht24.de,Aalborg Business College,Pashto
826,Dore,Kenion,Female,dkenionmx,dkenionmx@independent.co.uk,St. George's University,Hebrew
827,Rina,Janes,Female,rjanesmy,rjanesmy@toplist.cz,Yüzüncü Yil (Centennial) University,Croatian
828,Frasier,Garretts,Male,fgarrettsmz,fgarrettsmz@auda.org.au,ICFAI University,Croatian
829,Terence,McEnery,Male,tmceneryn0,tmceneryn0@squidoo.com,Lancaster Bible College,Dari
830,Lucy,Butterfint,Female,lbutterfintn1,lbutterfintn1@w3.org,Universidad Nacional Agraria La Molina,Albanian
831,Dannie,Gonnard,Female,dgonnardn2,dgonnardn2@symantec.com,Hochschule für Philosophie München,Czech
832,Morten,Switsur,Male,mswitsurn3,mswitsurn3@apache.org,Universidad de Cartago,Swedish
833,Barris,Pestell,Male,bpestelln4,bpestelln4@statcounter.com,Fachhochschule Potsdam,Danish
834,Arnold,Gamwell,Male,agamwelln5,agamwelln5@msn.com,ICI University,Sotho
835,Monique,Redsull,Female,mredsulln6,mredsulln6@domainmarket.com,"Universidad Autónoma Agraria ""Antonio Narro""",Dutch
836,Mirabella,Horsted,Female,mhorstedn7,mhorstedn7@weather.com,Foshan University,Somali
837,Hersch,Calven,Male,hcalvenn8,hcalvenn8@joomla.org,Universidad del Noroeste,Norwegian
838,Rene,Burnett,Female,rburnettn9,rburnettn9@gizmodo.com,University of Salford,Tajik
839,Gracia,Piscopello,Agender,gpiscopellona,gpiscopellona@uiuc.edu,Masinde Muliro University of Science and Technology,Filipino
840,Gerrard,Born,Male,gbornnb,gbornnb@zimbio.com,University of Alanta,Swati
841,Padriac,Duling,Male,pdulingnc,pdulingnc@com.com,Jingdezhen China Institute,Tetum
842,Verne,Queree,Male,vquereend,vquereend@hao123.com,People's University of Bangladesh,Estonian
843,Roldan,Togwell,Male,rtogwellne,rtogwellne@whitehouse.gov,Fatih University,Fijian
844,Jaquelyn,Wingham,Female,jwinghamnf,jwinghamnf@state.gov,SASTRA Deemed University,West Frisian
845,Ezequiel,Yitzhok,Male,eyitzhokng,eyitzhokng@ucoz.ru,Divine Word University,Luxembourgish
846,Maiga,Slaney,Female,mslaneynh,mslaneynh@i2i.jp,"Universiteit Antwerpen, UFSIA",Malagasy
847,Ira,Sodor,Male,isodorni,isodorni@amazon.co.jp,Castleton State College,Gujarati
848,Zoe,Holligan,Female,zholligannj,zholligannj@cafepress.com,"Universidad Iberoamericana, Campus León",Japanese
849,Blondie,Hubbuck,Female,bhubbucknk,bhubbucknk@smh.com.au,Novena University,Malayalam
850,Dana,Sang,Female,dsangnl,dsangnl@hao123.com,Takoradi Polytechnic ,Dzongkha
851,Shirley,Farry,Female,sfarrynm,sfarrynm@wordpress.org,University of Grigol Robakidze,Moldovan
852,Gare,Woodus,Male,gwoodusnn,gwoodusnn@opensource.org,"Institute of Teachers Education, Tengku Ampuan Afzan",Luxembourgish
853,Trula,Sparkwill,Female,tsparkwillno,tsparkwillno@privacy.gov.au,Donetsk National Technical University,Khmer
854,Marnia,Gohn,Female,mgohnnp,mgohnnp@phpbb.com,Chongju National University of Education,Korean
855,Thorndike,Brydson,Bigender,tbrydsonnq,tbrydsonnq@senate.gov,Fasa Faculty of Medical Sciences,Danish
856,Murdock,Gerger,Male,mgergernr,mgergernr@addthis.com,United International University,Burmese
857,Idelle,Mitcham,Female,imitchamns,imitchamns@taobao.com,American University of Kuwait ,Latvian
858,Bernete,Bruckent,Female,bbruckentnt,bbruckentnt@tamu.edu,Mehrabyan Medical Institute and Medical College,Swahili
859,Charmain,Skirven,Female,cskirvennu,cskirvennu@homestead.com,American International College,Swati
860,Joeann,Jewes,Female,jjewesnv,jjewesnv@wufoo.com,Al-Aqsa University,Pashto
861,Sloane,Matyugin,Male,smatyuginnw,smatyuginnw@chron.com,Olive-Harvey College,Assamese
862,Marcile,Ianno,Female,miannonx,miannonx@uiuc.edu,Universidade São Marcos,Nepali
863,Nikolai,Strute,Male,nstruteny,nstruteny@mail.ru,Libya Open University,Marathi
864,Alvin,Carlton,Male,acarltonnz,acarltonnz@hao123.com,Ecole Supérieure d'Informatique et de Management,Burmese
865,Sile,Rawling,Female,srawlingo0,srawlingo0@cisco.com,Universidad Tecnológica Indoamérica,Assamese
866,Valentine,Dineges,Male,vdinegeso1,vdinegeso1@time.com,Northwestern Oklahoma State University,Greek
867,Johnny,Dahler,Male,jdahlero2,jdahlero2@ibm.com,Sinai University,Kazakh
868,Barris,Colthurst,Male,bcolthursto3,bcolthursto3@blogtalkradio.com,Gratz College,Somali
869,Roch,Jowsey,Female,rjowseyo4,rjowseyo4@booking.com,Universidad Católica Nuestra Senora de la Asunción,Mongolian
870,Shelden,Pridmore,Bigender,spridmoreo5,spridmoreo5@who.int,Chamreun University of Poly Technology,Burmese
871,Thorvald,Ferreira,Male,tferreirao6,tferreirao6@networkadvertising.org,Kenya College of Accountancy,Indonesian
872,Randi,Churm,Male,rchurmo7,rchurmo7@latimes.com,Shahrekord University,Kashmiri
873,Connie,Skule,Male,cskuleo8,cskuleo8@census.gov,Mehran University of Engineering & Technology,Romanian
874,Marlo,Rotge,Female,mrotgeo9,mrotgeo9@archive.org,Triton College,Irish Gaelic
875,Hakim,Mc Ilory,Male,hmciloryoa,hmciloryoa@msn.com,University of Mississippi,Amharic
876,Herb,Rubery,Male,hruberyob,hruberyob@linkedin.com,Seton Hill College,Catalan
877,Reg,FitzAlan,Male,rfitzalanoc,rfitzalanoc@blogspot.com,Gettysburg College,New Zealand Sign Language
878,Cobby,Lis,Male,clisod,clisod@creativecommons.org,Universidad Anáhuac del Sur,Montenegrin
879,Edwin,Coper,Male,ecoperoe,ecoperoe@dion.ne.jp,College of Busniess Admnistration,Kannada
880,Page,Thorogood,Agender,pthorogoodof,pthorogoodof@google.it,Universidad Nacional de Ingenieria,Burmese
881,Francisco,Hovey,Male,fhoveyog,fhoveyog@youku.com,Blue Nile University,Gujarati
882,Ky,Moretto,Male,kmorettooh,kmorettooh@imdb.com,Coleman College,Yiddish
883,Deedee,Bickerstaff,Female,dbickerstaffoi,dbickerstaffoi@dmoz.org,Akaki Tsereteli State University,Estonian
884,Michel,Donett,Female,mdonettoj,mdonettoj@networkadvertising.org,University of Health Sciences,French
885,Dilly,Handover,Male,dhandoverok,dhandoverok@bloomberg.com,Miles College,Māori
886,Vivia,Stanbury,Female,vstanburyol,vstanburyol@furl.net,National Institute of Development Administration,Afrikaans
887,Aleksandr,Rahill,Male,arahillom,arahillom@blogs.com,University of Engineering and Technology Taxila,Arabic
888,Trudie,Regus,Female,treguson,treguson@discovery.com,"Cleveland Chiropractic College, Kansas City",New Zealand Sign Language
889,Ryun,Kolakowski,Male,rkolakowskioo,rkolakowskioo@archive.org,"Fachhochschule Rottenburg, Hochschule für Forstwirtschaft",Tajik
890,Madonna,Abeau,Female,mabeauop,mabeauop@marriott.com,Institute of Industrial Electronics Engineering,Arabic
891,Jacquelin,MacAvddy,Female,jmacavddyoq,jmacavddyoq@nsw.gov.au,Petru Maior University of Targu Mures,Gujarati
892,Tamma,Mousby,Female,tmousbyor,tmousbyor@nymag.com,Vongchavalitkul University,Luxembourgish
893,Caty,Sitford,Female,csitfordos,csitfordos@squarespace.com,College of St. Joseph,Azeri
894,Rianon,Pineaux,Female,rpineauxot,rpineauxot@prnewswire.com,Universität Osnabrück,Hiri Motu
895,Morey,Demange,Male,mdemangeou,mdemangeou@unblog.fr,College of Aeronautics,Moldovan
896,Stanwood,Brewins,Genderqueer,sbrewinsov,sbrewinsov@narod.ru,Grenoble Ecole de Management,Catalan
897,Belle,Kiss,Female,bkissow,bkissow@squarespace.com,West Bengal University of Technology,Georgian
898,Katrinka,Shepeard,Female,kshepeardox,kshepeardox@fastcompany.com,Azerbaijan International University,Pashto
899,Angelika,Haggerwood,Female,ahaggerwoodoy,ahaggerwoodoy@woothemes.com,Wayo Women's University,Tajik
900,Larina,Donaghie,Female,ldonaghieoz,ldonaghieoz@topsy.com,University of South Carolina - Spartanburg,Kashmiri
901,Sylvia,Jostan,Female,sjostanp0,sjostanp0@un.org,"Islamic Azad University, Ahar",Spanish
902,Gilberta,Tamsett,Female,gtamsettp1,gtamsettp1@opensource.org,University of Lucknow,Luxembourgish
903,Malachi,Verduin,Male,mverduinp2,mverduinp2@wix.com,Shorter College,New Zealand Sign Language
904,Ema,Eustes,Female,eeustesp3,eeustesp3@census.gov,Accra Polytechnic ,Somali
905,Lara,McManus,Female,lmcmanusp4,lmcmanusp4@twitter.com,Universidad Comunera,Papiamento
906,Gorden,Ettels,Male,gettelsp5,gettelsp5@com.com,University of International Business and Economics,Tetum
907,Melinda,Lewinton,Genderqueer,mlewintonp6,mlewintonp6@lulu.com,National Defence Academy of Latvia,Catalan
908,Gannon,Cowdroy,Male,gcowdroyp7,gcowdroyp7@imgur.com,University of Alberta,Kurdish
909,Shanon,Gatrill,Female,sgatrillp8,sgatrillp8@skyrock.com,"Concordia College, St. Paul",Bengali
910,Delcina,Giurio,Female,dgiuriop9,dgiuriop9@etsy.com,Walsh University,Gagauz
911,Lusa,O'Hanlon,Polygender,lohanlonpa,lohanlonpa@meetup.com,Hashemite University,Armenian
912,Quent,Adolfsen,Male,qadolfsenpb,qadolfsenpb@nytimes.com,Universidad Fundepos Alma Mater,Afrikaans
913,Tammy,Barson,Male,tbarsonpc,tbarsonpc@reverbnation.com,German University in Cairo,Portuguese
914,Fredek,Dengate,Male,fdengatepd,fdengatepd@google.cn,Mahasarakham University,Malay
915,Lionel,Tulloch,Male,ltullochpe,ltullochpe@mlb.com,University of Silvaner,Quechua
916,Jacqueline,Scamp,Female,jscamppf,jscamppf@theatlantic.com,ITT Technical Institute West Covina,West Frisian
917,Kahlil,Vynall,Male,kvynallpg,kvynallpg@miitbeian.gov.cn,Celal Bayar University,Dzongkha
918,Fawn,Beinke,Female,fbeinkeph,fbeinkeph@ibm.com,Universidad de la República,New Zealand Sign Language
919,Pavia,McOnie,Female,pmconiepi,pmconiepi@va.gov,Universidad Peruana Union,Yiddish
920,Filmore,Daid,Male,fdaidpj,fdaidpj@cyberchimps.com,Government College University Lahore,Assamese
921,Burty,Finden,Male,bfindenpk,bfindenpk@yolasite.com,Universitas Ma Chung,Spanish
922,Caty,Matevosian,Genderfluid,cmatevosianpl,cmatevosianpl@time.com,Susquehanna University,Catalan
923,Nickola,Khoter,Male,nkhoterpm,nkhoterpm@barnesandnoble.com,Rissho University,Czech
924,Hope,Blair,Female,hblairpn,hblairpn@cpanel.net,Kangnung National University,Filipino
925,Jon,Mattack,Male,jmattackpo,jmattackpo@statcounter.com,Moody Bible Institute,Albanian
926,Elbert,Rugg,Male,eruggpp,eruggpp@who.int,University of Lapland,Tajik
927,Carmine,Corn,Male,ccornpq,ccornpq@examiner.com,Universidade Católica de Moçambique,Dari
928,Emmit,Gornar,Male,egornarpr,egornarpr@telegraph.co.uk,Berhampur University,Oriya
929,Scottie,Bickersteth,Male,sbickerstethps,sbickerstethps@skype.com,Maria Curie-Sklodowska University Lublin,Hindi
930,Rahel,Swinnerton,Female,rswinnertonpt,rswinnertonpt@a8.net,Ch. Charan Singh University,Maltese
931,Ashlee,Spilsted,Female,aspilstedpu,aspilstedpu@miitbeian.gov.cn,Daiichi College of Pharmaceutical Sciences,Polish
932,Sully,Tomaszynski,Male,stomaszynskipv,stomaszynskipv@chicagotribune.com,Prague Institute of Chemical Technology,Afrikaans
933,Brnaba,Ferraresi,Male,bferraresipw,bferraresipw@tinyurl.com,Universidad Notarial Argentina,Georgian
934,Lorie,Caughan,Genderfluid,lcaughanpx,lcaughanpx@ibm.com,University Institute of Architecture Venice,Korean
935,Dodie,Reuven,Female,dreuvenpy,dreuvenpy@etsy.com,Covenant College,French
936,Alyson,Tourville,Female,atourvillepz,atourvillepz@toplist.cz,University College of the Cariboo,Moldovan
937,Teri,Parnham,Female,tparnhamq0,tparnhamq0@zimbio.com,Universidad de Chile,Malagasy
938,Melodee,Cansfield,Female,mcansfieldq1,mcansfieldq1@imageshack.us,College of New Caledonia,Italian
939,Eliza,Brownsell,Female,ebrownsellq2,ebrownsellq2@mlb.com,Qufu Normal University,Zulu
940,Adham,Paliser,Male,apaliserq3,apaliserq3@google.fr,Semey State Medical University,Malagasy
941,Hirsch,Hammersley,Male,hhammersleyq4,hhammersleyq4@t-online.de,Jiangxi Normal University,Thai
942,Sileas,Dearnly,Female,sdearnlyq5,sdearnlyq5@businessweek.com,Institut des Sciences de l'Ingénieur de Clermont-Ferrand,Khmer
943,Temp,Pickring,Male,tpickringq6,tpickringq6@free.fr,Universitas Mahasaraswati Denpasar,Tajik
944,Lizette,Osan,Female,losanq7,losanq7@squidoo.com,Universidad Tecnológica de Santiago,Chinese
945,Colet,Glasspool,Male,cglasspoolq8,cglasspoolq8@cyberchimps.com,Tokyo Institute of Technology,Spanish
946,Veda,Rosewarne,Female,vrosewarneq9,vrosewarneq9@google.es,University of Maryland at Baltimore,Gagauz
947,Marys,Conti,Female,mcontiqa,mcontiqa@yahoo.com,Akdeniz University,Oriya
948,Brandtr,Pes,Male,bpesqb,bpesqb@theglobeandmail.com,Bowdoin College,French
949,Archibaldo,Hrynczyk,Male,ahrynczykqc,ahrynczykqc@microsoft.com,Iran University of Medical Sciences,Bengali
950,Lissie,Ivanenkov,Female,livanenkovqd,livanenkovqd@freewebs.com,Uppsala University,Croatian
951,Joshua,McLay,Male,jmclayqe,jmclayqe@merriam-webster.com,Kingston University,Thai
952,Giorgio,Grisedale,Polygender,ggrisedaleqf,ggrisedaleqf@plala.or.jp,Université Chouaib Doukkali,Amharic
953,Marin,Linkin,Female,mlinkinqg,mlinkinqg@wisc.edu,Diaconia University of Applied Sciences,Malay
954,York,Kibbee,Male,ykibbeeqh,ykibbeeqh@google.co.uk,Ecole Nationale de la Météorologie,Korean
955,Dimitry,Fleming,Male,dflemingqi,dflemingqi@furl.net,Vassar College,Oriya
956,Marion,Frears,Male,mfrearsqj,mfrearsqj@cloudflare.com,Belarussian State Economic University,Malay
957,Lauri,Vanyushkin,Female,lvanyushkinqk,lvanyushkinqk@delicious.com,"University of California, Berkeley",Pashto
958,Kylila,Btham,Female,kbthamql,kbthamql@addtoany.com,"Arts, Sciences and Technology University",Fijian
959,Lindy,Bazoge,Male,lbazogeqm,lbazogeqm@sakura.ne.jp,Komsomolsk-on-Amur State Technical University,Northern Sotho
960,Stephanus,Philippart,Male,sphilippartqn,sphilippartqn@gizmodo.com,Earlham College,Burmese
961,Sophi,Loveredge,Female,sloveredgeqo,sloveredgeqo@nbcnews.com,Universidade Santa Úrsula,Albanian
962,Mahmoud,Hurring,Male,mhurringqp,mhurringqp@google.fr,Nyack College,English
963,Natalie,Lampkin,Female,nlampkinqq,nlampkinqq@nyu.edu,Universidad Nacional Experimental del Táchira,Aymara
964,Alyssa,Glossop,Female,aglossopqr,aglossopqr@ft.com,Komazawa University,Romanian
965,Benedicto,McGennis,Male,bmcgennisqs,bmcgennisqs@tuttocitta.it,Soochow University,Dutch
966,Tam,Hortop,Male,thortopqt,thortopqt@ucoz.com,Kyoto Prefectural University,Georgian
967,Annice,Fagg,Genderqueer,afaggqu,afaggqu@cbsnews.com,Menoufia University,Yiddish
968,Amberly,Waber,Female,awaberqv,awaberqv@alexa.com,University of Dongola,Burmese
969,Trever,Keary,Genderfluid,tkearyqw,tkearyqw@alibaba.com,Université Lumière de Bujumbura,Latvian
970,Andreana,Hambatch,Female,ahambatchqx,ahambatchqx@sitemeter.com,Universidad de Congreso,Oriya
971,Silvan,Dauney,Male,sdauneyqy,sdauneyqy@hao123.com,Chinese Culture University,Telugu
972,Wylie,Brinklow,Bigender,wbrinklowqz,wbrinklowqz@google.com,Universidad Central de Bayamón,Burmese
973,Amelita,Thorn,Female,athornr0,athornr0@sbwire.com,El Colegio de México,German
974,Stavros,Burchard,Male,sburchardr1,sburchardr1@acquirethisname.com,Staatlich anerkannte Fachhochschule für Kunsttherapie,Northern Sotho
975,Hortensia,Riha,Female,hrihar2,hrihar2@1und1.de,University of Northampton,Icelandic
976,Albrecht,Kiernan,Male,akiernanr3,akiernanr3@yahoo.co.jp,University of Greenwich,Bosnian
977,Emylee,Tunmore,Female,etunmorer4,etunmorer4@bluehost.com,University for Peace,Sotho
978,Evin,Streatley,Male,estreatleyr5,estreatleyr5@cam.ac.uk,Institut Textile et Chimique de Lyon,Kazakh
979,Douglas,Plenty,Male,dplentyr6,dplentyr6@de.vu,Belgorod State University,Indonesian
980,Maxy,Leuchars,Male,mleucharsr7,mleucharsr7@nih.gov,Corporación Universitaria de Ibagué (CORUNIVERSITARIA),Portuguese
981,Nataline,Penberthy,Non-binary,npenberthyr8,npenberthyr8@uol.com.br,University of Southern Europe (Monaco Business School),Irish Gaelic
982,Andrew,Woolerton,Male,awoolertonr9,awoolertonr9@cargocollective.com,Centre College,Albanian
983,Manolo,Fiorentino,Male,mfiorentinora,mfiorentinora@huffingtonpost.com,Newberry College,Italian
984,Twyla,Dillistone,Female,tdillistonerb,tdillistonerb@youtu.be,Tbilisi State Medical University,Hungarian
985,Peg,Bentote,Female,pbentoterc,pbentoterc@miitbeian.gov.cn,Moldova Cooperative Trade University,Khmer
986,Schuyler,Horbart,Male,shorbartrd,shorbartrd@macromedia.com,Warnborough University,Kannada
987,Burch,Unstead,Male,bunsteadre,bunsteadre@google.com.hk,Ulyanovsk State Technical University,Malagasy
988,Silva,Hardaker,Female,shardakerrf,shardakerrf@nature.com,Universitas Islam Sumatera Utara,Pashto
989,Cynthea,Crowest,Female,ccrowestrg,ccrowestrg@hhs.gov,Sirte University,Māori
990,Lyndell,Blamey,Female,lblameyrh,lblameyrh@bravesites.com,Thames Valley University,Luxembourgish
991,Jamey,Hugenin,Male,jhugeninri,jhugeninri@google.it,Syktyvkar State University,Sotho
992,Roz,Clemas,Female,rclemasrj,rclemasrj@google.co.jp,Kano State University of Technology Wudil,New Zealand Sign Language
993,Birk,Thornham,Male,bthornhamrk,bthornhamrk@over-blog.com,Universidade Estadual de Campinas,Oriya
994,Merwyn,Murdy,Male,mmurdyrl,mmurdyrl@soundcloud.com,Joseph Ayo Babalola University,Irish Gaelic
995,Kameko,Pavkovic,Female,kpavkovicrm,kpavkovicrm@independent.co.uk,University of Pecs,Hiri Motu
996,Hillel,Gunson,Male,hgunsonrn,hgunsonrn@example.com,Ecole des Hautes Etudes Commerciales MAROC,Gujarati
997,Calv,Antonutti,Male,cantonuttiro,cantonuttiro@123-reg.co.uk,North Eastern Hill University,Lithuanian
998,Chip,Hanney,Male,channeyrp,channeyrp@kickstarter.com,Mordovian State University,Belarusian
999,Ric,Linde,Male,rlinderq,rlinderq@imgur.com,Université Kongo,Punjabi
1000,Nelie,Padell,Female,npadellrr,npadellrr@npr.org,Christian-Albrechts-Universität Kiel,Swahili
